id,year_birth,education,marital_status,income,kid_home,teen_home,registration_date,recency,amt_liquor,amt_vegetable,amt_meat,amt_fish,amt_chocolate,amt_commodity,num_deals,num_web_purchase,num_instore_purchase,web_visits_per_month,response,complain,country,lead_conversion
0,1986,Bachelor,Couple,7095100,0,0,05/04/13,66,239,10,554,254,87,54,1,3,9,1,0,0,SA,0
1,1962,Bachelor,Single,5709100,0,0,6/15/14,0,464,5,64,7,0,37,1,7,7,5,1,0,CA,1
9,1976,Master,Single,4609800,1,1,8/18/12,86,57,0,27,0,0,36,4,3,2,8,0,0,CA,0
13,1948,Doctorate,Single,2535800,0,1,7/22/13,57,19,0,5,0,0,8,2,1,3,6,0,0,SA,0
17,1972,Doctorate,Couple,6049100,0,1,09/06/13,81,637,47,237,12,19,76,4,6,7,5,0,0,SP,0
20,1966,Master,Couple,4689100,0,1,09/01/13,91,43,12,23,29,15,61,1,2,4,4,0,0,GER,0
22,1977,Bachelor,Single,4631000,1,0,12/03/12,99,185,2,88,15,5,14,2,6,5,8,0,0,SP,0
24,1961,Master,Couple,1714400,1,1,2/15/14,96,18,2,19,0,2,6,5,3,4,7,0,0,SA,0
25,1959,Bachelor,Couple,6514800,0,1,11/16/12,9,460,35,422,33,12,153,2,6,7,4,0,0,CA,0
35,1988,Bachelor,Couple,2554500,1,0,09/08/12,35,32,1,64,16,12,85,3,2,3,6,1,0,SP,0
48,1965,Bachelor,Couple,5576100,0,1,4/24/14,97,136,1,12,0,3,32,2,4,3,6,0,0,SP,1
49,1971,Bachelor,Single,2058700,1,0,05/11/14,39,2,3,6,4,1,9,1,1,2,7,0,0,CA,0
55,1964,Bachelor,Couple,5625300,0,1,12/07/12,83,509,0,65,7,11,5,4,7,9,6,0,0,SP,0
67,1973,Master,Single,4642300,1,1,9/18/13,6,68,0,16,0,0,8,3,2,4,7,0,0,SP,0
73,1954,Doctorate,Single,5141100,1,2,5/26/13,81,14,0,3,0,0,1,1,0,3,5,0,0,IND,0
75,1983,Master,Couple,4103900,0,0,7/25/13,32,34,11,137,179,61,45,1,8,5,8,0,0,US,0
78,1970,Bachelor,Couple,2529300,1,0,9/15/13,51,15,0,11,0,2,9,1,1,2,8,0,0,SP,0
87,1982,Master,Couple,2773300,1,0,8/26/13,16,0,7,5,26,2,17,2,2,3,7,0,0,GER,0
89,1976,Master,Couple,2221200,1,0,12/09/13,49,5,9,20,6,8,21,2,2,4,6,0,0,SA,0
92,1989,Bachelor,Single,3417600,1,0,05/12/14,12,5,7,24,19,14,20,4,3,4,6,0,0,CA,0
113,1952,Bachelor,Couple,3083300,1,1,7/16/13,33,11,0,7,3,1,6,2,1,3,5,0,0,SP,0
115,1967,Master,Single,4345600,0,1,3/26/13,0,275,11,68,25,7,7,3,5,8,5,0,0,IND,0
123,1952,Bachelor,Single,6704600,0,1,01/06/13,92,544,35,133,23,151,107,2,4,4,2,0,0,AUS,0
125,1959,Master,Couple,5308300,1,1,5/15/13,65,215,7,33,3,0,13,6,5,5,7,0,0,IND,1
143,1971,Bachelor,Single,6120900,0,0,8/25/13,73,466,0,224,119,49,99,1,5,4,2,0,0,US,0
146,1961,Doctorate,Single,7604500,0,0,11/15/13,78,760,53,400,17,93,0,1,4,11,2,0,0,SP,1
153,1954,Bachelor,Single,2327200,0,0,10/17/13,29,19,3,6,4,2,12,1,1,3,4,0,0,SP,0
158,1946,Doctorate,Couple,7160400,0,0,11/17/13,3,345,53,528,98,75,97,1,8,5,4,1,0,SP,1
164,1978,Doctorate,Couple,2897300,0,0,10/13/12,59,206,0,46,3,2,12,2,5,5,8,0,0,SP,0
175,1987,Bachelor,Couple,7195200,1,0,01/10/13,93,656,80,455,52,107,93,2,8,8,4,0,0,SP,2
176,1981,Master,Single,6750600,0,1,01/02/14,73,90,38,67,33,36,67,1,4,6,3,0,0,SP,0
178,1957,Bachelor,Couple,6250300,0,1,2/18/13,40,478,0,193,110,75,117,4,8,11,5,0,0,SP,0
182,1947,Doctorate,Couple,4412400,0,1,05/11/13,62,284,0,55,0,6,52,4,6,5,8,0,0,SP,0
193,1997,High School / Below,Couple,1442100,0,0,2/17/14,81,0,0,2,3,3,8,1,1,2,5,0,0,SP,1
194,1966,Bachelor,Couple,4800600,1,1,06/09/14,55,23,0,11,3,2,2,1,1,3,6,0,0,SP,0
195,1973,Bachelor,Single,3880800,1,0,8/26/12,21,125,17,52,3,19,30,4,5,4,8,1,0,SP,1
199,1963,Master,Single,4518300,0,0,1/20/13,33,219,3,60,12,9,12,1,4,7,7,0,0,CA,1
202,1949,Doctorate,Single,8203200,0,0,04/05/14,54,332,194,377,149,125,57,0,4,7,1,0,0,IND,0
203,1976,Master,Single,8116900,0,0,4/14/13,47,1288,20,613,80,61,27,1,5,9,2,0,0,SP,0
213,1964,Doctorate,Single,2309100,1,1,5/28/14,98,35,0,11,0,0,2,4,2,3,7,0,0,SP,0
217,1957,Master,Single,6485700,0,0,11/23/12,78,556,14,717,210,0,43,1,7,10,4,0,0,CA,0
221,1956,Bachelor,Couple,4872600,0,1,4/27/13,90,138,3,38,4,0,59,3,3,4,6,0,0,GER,0
231,1957,Master,Couple,2883900,1,1,03/11/14,86,24,0,7,0,0,1,2,2,3,5,0,0,SP,0
232,1966,Bachelor,Single,6155900,0,1,7/17/13,8,279,83,88,32,14,34,1,4,10,3,0,0,SP,0
234,1980,Bachelor,Single,1528700,1,0,10/10/12,60,1,2,8,4,3,13,2,1,2,7,1,0,SP,1
236,1952,Bachelor,Couple,3483800,1,1,1/19/13,62,28,23,29,29,14,47,3,2,4,6,0,0,CA,0
238,1968,Master,Couple,6730900,1,1,1/23/13,76,515,47,181,149,95,95,15,9,9,7,0,0,SP,0
241,1953,Bachelor,Couple,8384400,0,0,05/12/13,57,901,31,345,75,31,191,1,4,11,1,0,0,SP,1
246,1966,Bachelor,Couple,6648000,1,1,5/31/14,71,199,9,57,20,21,6,7,4,7,4,0,0,SP,0
247,1972,Bachelor,Couple,3671500,1,0,11/17/12,16,172,10,125,21,13,16,6,7,4,9,1,0,SP,0
252,1964,Doctorate,Single,4100300,0,0,3/17/13,11,123,133,142,71,44,88,1,6,8,6,0,0,SA,0
254,1956,Bachelor,Couple,5386300,0,1,5/17/14,4,399,4,30,6,4,30,3,7,7,7,0,0,SP,1
255,1952,Bachelor,Single,2226300,1,1,3/30/14,31,17,0,2,0,0,2,2,1,3,6,0,1,SP,0
257,1960,Doctorate,Couple,7503200,0,1,4/28/13,74,952,12,180,47,12,12,2,5,9,3,0,0,SP,0
263,1946,Doctorate,Single,4557600,0,0,5/28/14,9,56,19,29,2,14,25,1,3,3,8,1,0,SP,0
269,1964,Doctorate,Single,4675700,0,1,11/16/12,71,777,30,163,0,51,122,6,4,7,9,0,0,SP,0
271,1970,Bachelor,Single,4059000,1,1,10/02/13,30,154,0,50,6,11,37,5,3,3,6,0,0,CA,1
273,1971,Master,Couple,3613800,1,1,7/16/13,48,130,0,16,0,0,5,5,3,4,7,0,0,GER,1
274,1974,Bachelor,Single,3485300,1,1,12/23/13,75,9,3,15,2,3,2,2,2,3,6,0,0,GER,0
286,1953,Bachelor,Single,4421300,1,1,11/29/13,48,95,11,35,0,4,7,4,2,5,6,0,0,SP,0
291,1971,Bachelor,Couple,7294000,0,0,6/19/13,13,182,74,298,162,149,116,1,3,6,1,0,0,SA,0
295,1990,Bachelor,Single,8121700,0,0,7/19/13,77,493,70,324,146,40,84,1,3,11,1,0,0,SP,0
304,1982,Master,Single,2294400,1,0,12/23/13,67,19,3,19,4,5,26,3,3,3,7,0,0,SP,0
309,1962,Doctorate,Couple,6334200,0,1,10/16/12,48,918,21,118,13,10,21,3,8,5,6,0,0,SA,1
310,1971,Master,Couple,6187200,0,1,12/13/13,81,330,5,159,36,27,16,4,4,9,4,0,0,CA,0
313,1969,Bachelor,Single,7345500,0,0,10/28/13,98,901,61,757,186,163,20,1,6,10,3,0,0,SA,1
322,1979,Bachelor,Couple,4255400,1,1,01/12/13,93,29,1,11,0,0,0,2,2,3,4,0,0,AUS,0
326,1974,Bachelor,Couple,5114800,1,1,2/18/13,38,235,6,45,8,9,12,4,5,6,6,0,0,IND,0
332,1958,Bachelor,Couple,4774300,0,1,3/22/13,56,198,2,43,0,12,20,3,4,6,6,0,0,SP,1
339,1973,Doctorate,Couple,5709100,0,1,11/23/12,82,462,0,24,6,0,4,2,9,5,7,1,0,SP,1
340,1971,Bachelor,Single,7296700,0,1,12/15/12,1,158,35,179,0,0,125,2,7,8,5,1,0,GER,1
347,1977,Bachelor,Single,4078000,0,1,09/08/12,30,229,27,71,13,3,34,4,7,5,9,0,0,CA,0
359,1951,Bachelor,Couple,4807000,0,1,1/13/13,33,373,14,83,6,9,19,3,8,6,7,0,1,SP,0
361,1970,Master,Couple,4314200,1,1,2/18/14,84,5,1,7,2,1,4,1,1,2,7,0,0,AUS,0
367,1979,Master,Couple,3655000,1,0,2/19/13,74,47,90,94,123,103,120,5,9,5,9,0,0,CA,0
368,1975,Bachelor,Couple,4004900,0,1,11/29/12,61,91,65,52,10,44,28,3,3,6,5,0,0,IND,0
375,1955,Bachelor,Single,7677300,0,0,2/25/13,79,516,56,449,86,33,16,1,2,11,1,0,0,SP,0
378,1972,Bachelor,Couple,5253100,0,0,12/30/12,68,283,112,151,51,72,125,2,7,10,6,0,0,SP,0
380,1955,Bachelor,Single,6449700,0,1,09/10/12,17,1170,48,320,42,32,192,5,11,9,8,1,0,SA,1
387,1977,High School / Below,Couple,750000,0,0,11/13/12,59,6,16,11,11,1,16,1,2,3,8,0,0,US,0
405,1965,Bachelor,Single,4163800,0,1,2/13/13,68,315,0,31,4,0,91,4,5,3,8,0,0,SP,1
425,1986,Bachelor,Couple,5535700,2,0,2/19/13,66,374,64,116,84,25,64,3,6,11,5,0,0,IND,0
433,1959,Master,Single,6133100,1,1,03/10/13,42,534,5,47,0,5,41,5,11,6,8,0,0,CA,0
437,1977,Master,Single,7501200,0,0,1/25/14,41,294,142,218,164,58,151,1,3,11,1,0,0,AUS,0
448,1979,Doctorate,Single,5488000,1,0,03/01/13,57,308,85,137,102,45,118,2,6,11,5,0,0,SP,0
450,1959,Master,Couple,4231500,0,1,07/12/13,90,67,15,80,17,11,80,3,1,4,3,0,0,US,0
451,1990,Bachelor,Single,925500,1,0,12/20/13,91,9,0,7,2,0,4,1,1,2,8,0,0,IND,0
453,1957,Doctorate,Single,3534000,1,1,6/29/14,1,27,0,12,0,1,5,2,2,3,5,0,0,SP,0
454,1981,Bachelor,Couple,6950800,1,0,11/14/12,48,824,32,162,42,32,43,2,11,11,6,0,0,SA,0
455,1947,Doctorate,Couple,5101200,0,0,4/18/13,86,102,9,63,2,9,24,1,4,4,6,0,0,SP,0
456,1987,Master,Couple,750000,1,0,02/07/13,96,1,11,5,4,6,9,2,2,3,8,0,0,SP,0
460,1973,Doctorate,Couple,7993000,0,0,08/08/12,72,792,86,740,67,51,17,1,3,8,2,0,0,SA,0
466,1945,Bachelor,Couple,6527500,0,0,04/03/13,9,388,14,218,91,14,21,1,4,13,2,0,0,SP,0
477,1987,Bachelor,Couple,8351200,0,0,6/17/14,31,1060,61,835,80,20,101,1,4,10,1,1,0,SP,4
486,1989,Bachelor,Couple,8421900,0,0,02/02/14,27,434,137,400,45,137,45,1,3,10,1,0,0,CA,0
492,1974,Doctorate,Other,4843200,0,1,10/18/12,3,322,3,50,4,3,42,5,7,6,8,0,0,CA,0
498,1971,Bachelor,Single,3001500,1,0,02/02/14,28,25,0,22,2,3,5,2,1,4,5,0,0,SP,0
500,1978,Bachelor,Couple,9687600,0,0,08/06/13,79,908,43,735,40,194,21,1,7,9,2,1,0,SP,3
503,1986,Master,Couple,2055900,1,0,03/12/13,88,13,1,29,3,0,7,2,2,3,8,0,0,AUS,0
520,1975,Bachelor,Couple,3442100,1,0,07/01/13,81,3,3,7,6,2,9,1,1,2,7,0,0,SP,0
521,1986,Bachelor,Couple,5400600,1,0,9/18/12,42,174,77,203,6,24,97,2,8,7,7,0,0,SP,0
523,1990,Bachelor,Couple,3715500,1,0,1/31/13,51,23,0,26,7,15,3,1,2,4,5,0,0,SP,0
524,1967,High School / Below,Couple,2263400,0,0,1/16/13,47,2,23,11,8,6,46,1,2,2,8,0,0,AUS,0
528,1979,Bachelor,Couple,6581900,0,0,11/29/12,99,267,38,701,149,165,63,1,5,10,3,0,0,IND,0
531,1955,Doctorate,Single,5733300,0,1,9/22/12,55,941,14,397,76,58,176,11,8,9,6,1,0,SP,0
535,1988,Bachelor,Single,8136100,0,0,2/25/14,18,163,23,424,27,65,76,1,3,13,1,0,0,GER,0
538,1990,Bachelor,Single,4610700,1,0,02/10/14,78,31,9,27,16,9,33,1,1,4,3,0,0,SA,0
544,1955,Bachelor,Couple,6282000,0,0,05/11/13,51,398,61,265,138,61,53,1,3,6,1,0,0,SP,0
550,1953,Bachelor,Single,6233500,0,1,5/23/13,87,243,131,217,85,6,26,2,3,13,2,0,0,SP,0
564,1982,Doctorate,Couple,5693700,1,0,08/04/12,81,746,8,125,11,8,8,7,8,9,6,1,0,SP,1
569,1992,Bachelor,Single,9027300,0,0,12/14/13,32,704,129,853,120,74,111,1,5,7,2,1,0,SP,3
574,1965,Bachelor,Couple,4252300,0,0,4/23/14,96,14,36,11,3,26,35,1,1,4,2,0,0,GER,0
577,1977,Master,Couple,2690700,1,1,8/20/13,10,9,1,7,0,3,2,2,1,3,7,0,0,SP,0
590,1971,Master,Single,7857900,0,0,12/22/12,35,816,66,549,216,66,99,1,5,4,3,1,0,SP,0
591,1958,Bachelor,Single,6603300,0,1,1/20/13,76,293,35,179,46,59,65,2,8,7,7,0,0,IND,0
606,1968,Bachelor,Single,2593000,1,1,10/10/13,87,6,1,2,2,0,4,1,1,2,7,0,0,SP,0
607,1956,Master,Single,4176900,0,1,2/13/13,31,302,29,131,32,0,27,6,8,7,8,0,0,IND,0
610,1954,Doctorate,Couple,5359300,1,1,08/07/12,60,349,4,78,6,0,43,8,7,6,8,0,0,AUS,0
615,1961,Bachelor,Couple,3050700,0,0,03/11/13,29,65,36,74,38,20,110,1,5,4,7,0,0,SP,0
618,1978,Doctorate,Couple,6938900,0,1,9/28/12,17,422,7,238,69,46,15,1,7,12,4,0,0,AUS,0
624,1985,Master,Single,1889000,0,0,11/10/12,5,6,4,1,7,2,15,1,0,2,6,1,0,SA,1
626,1952,Bachelor,Couple,3287100,1,1,03/09/13,28,22,2,12,0,2,5,1,1,3,4,0,0,US,0
635,1967,Master,Couple,5718300,1,1,3/19/13,51,464,5,64,7,0,70,8,9,7,8,0,0,SP,0
640,1952,Bachelor,Couple,5730400,0,1,03/11/13,61,356,80,329,138,17,106,2,7,10,5,0,0,SP,0
641,1968,Bachelor,Single,5207400,0,1,04/04/14,77,59,0,12,0,0,48,1,2,2,4,0,0,IND,1
642,1981,High School / Below,Couple,1600500,1,0,8/14/12,69,1,3,2,20,30,47,3,2,2,8,0,0,CA,0
663,1990,Doctorate,Single,3399600,0,0,09/11/13,46,40,2,15,8,0,6,1,1,3,4,0,0,SP,0
675,1974,Master,Single,5203400,1,1,5/17/13,67,146,0,93,7,13,73,5,4,5,7,0,0,SP,0
679,1958,Doctorate,Couple,3763300,1,1,9/20/12,49,13,4,20,0,0,1,2,1,3,9,0,0,SP,0
692,1955,Bachelor,Couple,3680700,1,1,12/20/12,88,4,2,5,0,0,5,1,1,2,6,0,0,IND,0
697,1970,Bachelor,Couple,7491800,0,0,03/12/13,78,972,59,913,25,19,59,1,5,6,3,0,0,SP,1
701,1972,Bachelor,Couple,7369100,0,1,11/06/13,58,707,21,250,85,43,73,2,6,8,2,0,0,SP,1
702,1976,Master,Single,4768200,0,1,2/15/13,80,162,61,83,97,57,61,4,4,8,5,0,0,SP,0
709,1953,Bachelor,Single,5153700,0,1,12/09/12,27,787,20,204,0,0,92,3,2,11,8,0,0,SA,0
713,1978,Master,Couple,5035300,0,0,06/08/14,72,141,15,153,67,31,35,1,4,6,3,0,0,SP,0
716,1950,Doctorate,Couple,6791100,0,1,5/22/14,63,529,0,356,63,28,0,3,6,11,3,0,0,SP,0
736,1984,Bachelor,Couple,2842700,1,0,3/21/13,67,18,3,19,3,3,6,2,2,3,8,0,0,IND,0
737,1950,Doctorate,Couple,8036000,0,0,03/03/13,56,1493,86,454,112,43,43,2,4,5,2,0,0,SP,3
738,1982,Master,Single,4239500,1,1,04/04/14,35,48,13,57,24,15,25,4,3,4,7,0,0,IND,0
749,1982,Bachelor,Couple,4216200,1,0,11/19/13,31,46,7,59,2,4,27,2,3,3,6,1,0,SP,1
760,1976,Doctorate,Single,6055400,1,0,08/09/13,8,588,7,76,110,15,15,2,8,9,6,0,0,SA,0
762,1982,Master,Couple,7577400,1,0,05/02/14,27,340,21,134,258,14,56,1,7,8,4,0,0,SP,0
771,1968,Bachelor,Couple,5417800,0,1,1/21/14,79,135,9,39,4,0,7,1,2,5,2,0,0,GER,0
773,1972,Master,Single,4283500,1,1,6/30/13,64,379,4,93,12,9,98,7,6,4,6,0,0,IND,0
793,1974,Bachelor,Couple,2089500,1,0,10/06/12,24,18,3,17,3,0,4,1,2,3,9,0,0,AUS,0
796,1966,Master,Single,6016100,0,1,10/23/12,17,584,44,212,46,8,177,3,11,8,8,0,0,CA,0
798,1988,Bachelor,Single,2344200,1,0,12/24/12,71,2,0,6,8,6,5,1,1,3,7,0,0,SP,0
800,1961,Bachelor,Couple,4451200,1,1,8/30/13,57,23,1,6,0,0,2,2,1,3,4,0,0,SA,0
803,1969,Bachelor,Couple,4052100,1,1,04/05/13,82,12,0,5,0,0,4,1,0,2,5,0,0,SP,0
807,1970,Master,Couple,4460200,1,1,2/15/14,35,167,2,89,0,0,34,6,6,4,8,0,0,IND,0
810,1976,Bachelor,Couple,7419000,0,1,05/12/14,49,151,81,86,168,91,64,2,4,11,2,0,0,SP,0
819,1946,Bachelor,Single,6328500,0,0,11/05/13,84,508,124,249,50,38,134,1,6,13,3,0,0,SP,0
821,1993,Master,Single,9285900,0,0,10/19/12,46,962,61,921,52,61,20,1,5,12,2,0,0,CA,0
830,1988,Doctorate,Single,7400400,0,0,2/24/14,5,784,48,560,42,176,48,1,4,4,3,1,0,IND,2
832,1967,Doctorate,Couple,6581400,0,1,03/02/14,90,561,14,113,10,14,35,3,8,10,5,0,0,SP,0
833,1956,Master,Couple,3845200,1,1,3/30/14,62,56,0,14,0,0,2,3,3,3,7,0,0,SP,0
837,1978,Bachelor,Couple,5480900,1,1,09/11/13,0,63,6,57,13,13,22,4,2,5,4,0,0,SP,0
839,1976,Doctorate,Couple,4550300,1,0,9/25/13,54,97,4,44,6,1,18,1,3,4,5,0,0,SP,0
843,1972,Bachelor,Couple,6472200,1,0,5/26/14,47,303,0,280,60,147,15,4,8,11,6,0,0,SP,0
849,1954,Master,Couple,5612900,0,1,6/20/13,65,320,48,133,39,72,48,4,6,10,4,0,0,SP,0
850,1969,Bachelor,Single,7056600,0,1,10/06/13,4,381,28,215,84,28,21,2,6,9,3,0,0,SP,0
851,1973,Master,Couple,5713600,1,1,07/09/13,48,306,5,109,21,109,92,9,5,10,6,0,0,CA,0
868,1967,Bachelor,Couple,4479400,0,1,06/08/14,99,54,0,7,0,0,4,1,2,3,6,0,0,SA,0
873,1950,Master,Couple,6284500,1,1,10/01/12,3,1099,0,45,0,0,34,11,3,10,8,1,0,SP,1
879,1977,Master,Couple,4968100,0,2,11/04/13,66,411,0,26,0,0,21,6,7,7,7,0,0,SA,0
880,1967,High School / Below,Couple,2263400,0,0,1/16/13,47,2,23,11,8,6,46,1,2,2,8,0,0,SP,0
891,1952,Master,Couple,2929800,1,1,09/07/13,60,6,0,2,2,0,1,1,1,2,5,0,0,SP,0
895,1949,Doctorate,Couple,6146700,0,2,12/09/12,69,410,16,114,0,5,49,3,5,10,5,0,0,SP,0
898,1987,Bachelor,Couple,2347700,1,0,10/21/13,39,38,15,54,3,8,29,3,3,4,8,0,0,SP,0
902,1981,Bachelor,Couple,6299400,1,0,03/04/14,74,224,12,48,4,12,12,1,6,4,6,0,0,CA,0
905,1987,Bachelor,Single,2184600,1,0,10/22/13,38,7,17,18,6,10,26,4,4,3,8,0,0,SA,0
907,1976,Bachelor,Couple,4614900,0,1,11/29/13,36,254,6,71,4,0,27,5,5,7,5,0,0,SP,0
916,1973,Doctorate,Single,4164400,1,1,05/09/14,67,20,3,4,2,0,2,2,1,3,3,0,0,SP,0
922,1980,Master,Couple,3108600,1,1,05/04/13,79,16,2,11,3,0,16,2,1,2,8,0,0,GER,1
933,1979,Doctorate,Couple,3771700,1,0,11/23/12,31,9,0,6,4,1,5,1,1,2,9,0,0,SP,0
938,1982,Bachelor,Couple,4021100,1,1,7/30/13,30,51,1,7,2,1,25,2,2,2,8,0,0,SP,1
940,1988,Bachelor,Single,5710000,1,0,5/18/14,9,158,11,99,15,11,17,2,3,7,3,0,0,SA,0
942,1983,Bachelor,Single,3966000,1,0,08/08/12,36,139,13,78,20,13,36,3,7,3,9,1,0,SP,0
944,1963,Bachelor,Couple,5618100,0,1,01/08/13,6,121,103,69,8,44,48,1,4,7,4,0,0,SP,0
945,1966,Bachelor,Couple,3631700,0,1,5/22/13,53,87,3,25,3,2,13,2,3,4,7,0,0,SP,0
946,1959,Master,Couple,2649000,0,0,9/22/12,92,45,47,52,21,20,25,2,3,5,6,0,0,SP,0
948,1972,Bachelor,Single,1024500,1,0,5/15/13,32,4,7,7,6,4,13,3,1,2,5,0,0,SP,0
954,1961,High School / Below,Single,2212300,0,0,3/27/14,77,3,3,24,34,7,31,1,2,3,5,0,0,AUS,0
955,1963,Master,Couple,4717500,1,1,10/28/12,81,167,2,44,6,2,19,7,4,4,8,1,0,SA,1
961,1973,Bachelor,Couple,7471600,0,1,09/12/13,92,133,27,421,13,195,71,2,7,5,4,0,0,SP,0
965,1972,Bachelor,Single,5563500,0,1,11/13/12,34,235,65,164,50,49,27,4,7,7,6,0,0,US,0
966,1967,Bachelor,Couple,4452900,0,1,07/05/13,98,538,13,91,17,6,26,6,6,11,5,0,0,SP,1
967,1977,Bachelor,Couple,4604900,1,1,7/21/13,11,342,9,112,19,14,19,10,5,9,7,1,0,SP,0
968,1969,Master,Single,4133500,1,0,12/26/13,24,112,19,21,16,14,5,3,4,4,7,0,0,AUS,0
975,1957,Bachelor,Single,5425200,1,1,5/28/13,25,178,4,26,8,4,44,5,4,5,6,0,0,AUS,0
977,1958,Bachelor,Couple,4732000,0,1,08/01/13,10,200,19,111,50,15,19,6,5,8,6,0,0,CA,0
979,1976,Bachelor,Single,3324900,1,0,2/20/13,11,6,10,21,19,14,42,2,2,3,6,0,0,SP,0
983,1985,Bachelor,Couple,4005900,1,0,9/28/13,82,110,29,92,28,10,145,1,6,3,8,0,0,US,1
988,1966,Bachelor,Couple,8116800,0,0,05/07/14,84,410,0,592,147,22,22,1,6,7,3,0,0,SP,1
999,1992,Bachelor,Single,8603700,0,0,01/02/13,95,490,44,125,29,20,22,1,6,11,3,1,0,CA,2
1000,1962,Master,Couple,7488100,1,1,03/08/13,48,505,72,270,36,27,54,4,9,12,5,0,0,SP,0
1008,1982,Doctorate,Couple,4495300,0,0,12/21/12,31,728,17,133,11,8,124,1,7,13,6,0,0,GER,1
1010,1978,Bachelor,Couple,4693100,2,1,4/24/14,94,41,0,17,3,1,16,2,1,3,3,0,0,SP,0
1012,1953,Bachelor,Single,6182300,0,1,2/18/13,26,523,7,134,37,14,169,4,8,10,7,0,0,AUS,0
1016,1960,Doctorate,Single,3455400,0,1,3/30/14,43,41,1,6,2,0,5,2,2,3,6,0,0,CA,0
1020,1974,Bachelor,Couple,7959300,0,0,05/12/14,70,350,60,568,110,133,145,1,5,7,2,0,0,SP,1
1029,1971,Doctorate,Couple,6441300,0,1,08/01/13,27,200,5,44,0,10,20,1,5,5,5,0,0,SP,0
1030,1966,Doctorate,Single,4063700,1,1,7/17/13,72,22,0,13,0,0,3,2,1,3,7,0,0,SA,0
1031,1990,Master,Couple,8571000,0,0,05/05/13,5,600,20,350,29,30,33,1,6,10,2,0,0,IND,1
1041,1974,Doctorate,Single,4843200,0,1,10/18/12,3,322,3,50,4,3,42,5,7,6,8,1,0,SA,0
1044,1954,Bachelor,Couple,5839800,0,0,5/14/13,44,299,5,201,21,21,49,3,5,8,4,0,0,AUS,0
1045,1966,Bachelor,Couple,5211700,0,1,8/16/12,55,112,10,107,30,0,20,2,5,4,7,0,0,SP,0
1048,1973,Master,Couple,3564100,1,0,7/14/13,11,63,3,67,8,9,28,2,3,4,7,1,0,SA,0
1050,1953,Bachelor,Couple,2833200,0,0,4/30/14,58,14,10,13,4,15,9,1,2,4,2,0,0,GER,0
1052,1970,Bachelor,Couple,5679600,0,1,2/16/13,24,656,38,161,62,47,37,3,8,7,7,0,0,AUS,0
1055,1977,Master,Couple,5320400,1,1,3/20/14,40,29,0,8,2,0,6,1,1,3,4,0,0,GER,0
1064,1972,Doctorate,Couple,4240300,1,0,12/11/13,18,22,1,11,0,5,3,1,1,3,8,0,0,SP,0
1065,1964,Bachelor,Single,8069500,0,0,12/29/13,85,557,129,984,193,37,18,1,5,5,2,0,0,US,0
1071,1977,Doctorate,Single,7017900,0,1,7/21/13,10,532,88,168,69,44,133,3,7,13,5,0,0,US,0
1072,1966,Doctorate,Single,4076000,0,1,8/30/13,64,70,0,17,0,0,6,2,2,3,6,0,0,CA,0
1077,1975,Bachelor,Couple,5671500,0,0,12/05/12,52,258,105,239,237,172,9,1,7,4,4,0,0,SP,0
1079,1972,Doctorate,Couple,7196900,0,1,10/16/12,59,1000,0,76,0,0,10,3,3,9,8,0,0,IND,1
1081,1958,Doctorate,Couple,7528300,1,2,3/27/13,26,733,9,180,12,19,66,11,6,5,4,0,0,SA,0
1087,1976,Master,Couple,2266900,1,0,5/22/13,30,16,14,36,37,22,48,3,4,2,9,1,0,SP,0
1092,1981,Bachelor,Couple,6101400,0,1,08/11/12,17,269,129,495,182,43,29,4,9,4,7,0,0,IND,0
1100,1961,Master,Couple,4127500,1,2,3/24/14,33,24,4,22,0,2,9,4,3,3,5,0,0,CA,0
1103,1977,Master,Couple,8192900,1,0,9/29/12,60,1486,55,278,49,0,185,2,4,10,6,1,0,AUS,2
1109,1983,Master,Couple,2759000,1,0,4/23/13,38,6,0,5,0,0,1,1,1,2,7,0,0,SP,0
1118,1957,Master,Couple,5096500,0,1,2/20/13,87,544,13,85,8,6,29,3,10,5,8,0,0,SP,1
1127,1974,Doctorate,Couple,8584400,0,0,5/29/14,62,938,19,843,25,95,38,1,6,7,2,0,0,SP,1
1131,1968,Doctorate,Single,5256900,0,1,04/05/14,54,85,0,3,0,0,7,1,2,4,3,0,0,SA,0
1135,1961,Master,Couple,1714400,1,1,2/15/14,96,18,2,19,0,2,6,5,3,4,7,0,0,CA,0
1137,1965,Bachelor,Single,8124600,0,0,12/29/13,87,398,190,537,61,156,37,1,4,7,1,0,0,SP,2
1139,1985,Doctorate,Couple,7335600,0,0,02/06/14,56,1050,14,322,0,14,112,1,5,5,2,1,0,SP,3
1142,1954,Doctorate,Couple,5570700,0,1,12/22/13,91,208,7,82,30,66,35,2,3,9,3,0,0,SP,0
1143,1973,Bachelor,Couple,2206300,1,0,08/08/13,43,7,10,13,3,11,11,2,2,3,7,0,0,CA,0
1146,1950,Master,Couple,4991200,0,1,09/07/12,5,520,8,223,32,49,42,4,10,7,8,1,0,AUS,1
1150,1900,Doctorate,Couple,8353200,0,0,9/26/13,36,755,144,562,104,64,224,1,4,4,1,0,0,SP,1
1158,1967,Bachelor,Single,4887700,0,1,01/05/14,27,102,1,15,2,0,24,1,3,4,7,0,0,SP,0
1160,1971,Bachelor,Couple,1326000,1,1,8/23/13,48,9,4,17,10,2,7,4,3,3,8,0,0,SP,0
1162,1988,Doctorate,Single,4200000,0,0,01/10/13,23,124,83,267,85,59,35,2,5,11,5,1,0,SP,0
1165,1959,Doctorate,Single,5072900,1,1,05/02/13,62,239,13,143,45,4,52,9,6,7,6,0,0,SA,0
1168,1979,Doctorate,Couple,7215900,0,0,10/29/12,62,322,53,899,34,40,53,1,4,10,2,0,0,SP,0
1170,1976,Bachelor,Couple,2757300,1,0,3/25/13,45,50,15,110,39,15,15,4,5,4,8,0,0,SP,0
1172,1984,Doctorate,Couple,9249100,0,0,05/01/13,71,979,44,935,29,25,22,1,7,12,3,1,0,SP,3
1173,1948,Master,Couple,7763200,0,0,03/10/13,73,1200,105,758,0,42,147,1,4,6,2,1,0,SP,2
1175,1984,Master,Couple,3626200,0,0,9/20/13,24,88,39,54,64,28,153,1,3,3,6,1,0,SP,1
1176,1974,Bachelor,Couple,2622800,1,0,9/22/13,50,2,6,4,3,1,9,1,1,2,8,0,0,SP,0
1177,1967,Master,Couple,4961800,1,1,1/26/13,77,80,3,26,4,2,14,4,3,3,7,0,0,SP,0
1183,1950,Master,Couple,3640800,1,1,9/21/13,11,9,1,4,3,2,3,1,1,2,6,0,0,GER,0
1184,1969,Doctorate,Single,6967400,0,2,5/22/13,46,554,41,215,11,0,24,3,10,10,5,0,0,SA,0
1204,1971,Doctorate,Couple,6753600,0,1,5/22/13,45,1253,0,447,23,71,35,3,11,11,8,0,0,SA,1
1212,1974,Bachelor,Couple,5284500,1,0,8/13/13,7,384,25,292,130,41,64,3,8,6,6,0,0,SP,1
1215,1979,Bachelor,Couple,7044000,0,0,10/08/13,49,690,117,499,76,102,88,1,5,7,3,0,0,SP,1
1225,1964,Bachelor,Couple,8012400,0,0,6/26/14,47,483,84,398,205,84,241,1,3,8,1,0,0,SA,1
1232,1983,Doctorate,Couple,7003800,0,0,10/25/13,54,587,54,348,71,54,130,1,4,8,2,0,0,GER,0
1241,1985,Master,Couple,1479600,1,0,9/17/12,1,13,3,8,7,4,16,2,1,3,9,1,0,GER,0
1245,1967,Bachelor,Single,6381000,0,1,11/11/12,45,977,12,253,16,12,101,4,4,12,8,0,0,SP,1
1250,1977,Bachelor,Single,3769700,1,0,02/07/14,82,34,6,21,11,4,8,1,2,3,6,0,0,SP,0
1272,1966,Master,Single,5525000,0,1,10/21/12,49,664,58,83,32,0,66,4,7,10,5,0,0,AUS,0
1277,1961,Bachelor,Couple,7846800,0,0,04/09/14,29,434,22,388,104,22,34,1,10,10,4,0,0,US,1
1291,1979,Doctorate,Couple,2768300,1,0,08/04/12,90,152,9,121,12,12,45,4,6,4,8,0,0,SP,0
1307,1979,Bachelor,Single,4198600,0,1,02/09/14,15,27,5,8,8,3,12,3,3,4,4,0,0,SP,0
1321,1975,Bachelor,Couple,2606700,1,0,11/04/13,49,22,2,18,0,2,12,3,3,3,8,0,0,CA,0
1324,1989,Bachelor,Couple,3887200,1,0,5/30/13,93,23,3,21,3,19,22,2,3,3,8,0,0,IND,0
1328,1983,Master,Couple,5793700,0,1,2/16/14,56,261,42,144,55,48,133,3,4,9,3,0,0,SA,0
1331,1978,Bachelor,Single,3579000,1,0,01/02/13,54,12,6,20,30,1,3,2,2,3,7,0,0,AUS,0
1340,1987,Bachelor,Couple,9291000,0,0,4/24/14,42,551,137,792,179,103,33,1,6,13,1,0,0,SP,3
1343,1969,Bachelor,Couple,5855400,1,1,9/26/12,55,368,24,68,38,0,88,6,8,6,7,0,0,US,0
1349,1971,Bachelor,Couple,5044700,2,0,4/21/14,4,85,7,24,2,3,27,1,3,3,6,0,0,IND,0
1351,1957,Master,Couple,5865600,0,1,9/20/12,25,962,12,194,16,24,12,4,7,13,6,0,0,SP,1
1357,1971,Bachelor,Couple,7485400,1,2,04/08/13,90,856,59,487,58,29,73,7,2,5,5,0,0,GER,0
1361,1975,Master,Couple,8258400,0,0,06/04/13,26,1076,68,103,29,91,68,1,3,8,1,1,0,SP,2
1362,1973,Bachelor,Single,3190700,0,0,03/04/13,75,33,87,64,175,16,74,1,6,6,7,0,0,GER,0
1371,1977,Bachelor,Single,7994100,0,0,6/28/14,72,123,164,266,227,30,174,1,2,9,1,0,0,AUS,0
1377,1955,Master,Single,4455100,0,1,8/31/13,24,182,4,33,0,0,66,2,4,5,7,0,0,SA,0
1378,1973,Master,Couple,5033400,0,1,7/24/13,24,284,16,160,84,16,134,6,7,6,6,0,0,SA,0
1379,1993,Master,Couple,4267000,0,0,4/27/13,12,154,2,46,20,4,15,1,4,4,4,0,0,SA,0
1381,1983,Doctorate,Single,3851300,1,0,1/28/14,20,172,3,115,16,0,18,5,6,5,8,1,0,SP,0
1384,1993,High School / Below,Couple,1725600,1,0,11/23/13,10,6,4,14,8,8,22,2,2,2,8,0,0,US,1
1386,1968,Bachelor,Couple,3247400,1,1,05/11/14,0,10,0,1,0,0,0,1,1,2,7,0,0,AUS,0
1388,1976,Bachelor,Single,3324900,1,0,2/20/13,11,6,10,21,19,14,42,2,2,3,6,0,0,AUS,0
1399,1959,Bachelor,Couple,7290500,0,0,1/21/14,52,407,114,445,181,165,203,1,3,9,1,0,0,SP,1
1402,1955,Master,Couple,6699100,0,0,09/11/12,1,496,36,460,189,60,12,3,4,6,3,0,0,GER,0
1403,1976,Master,Couple,3498400,1,1,09/06/12,40,8,4,15,3,5,3,2,1,3,7,0,0,SP,0
1404,1969,Bachelor,Couple,3491600,2,0,5/15/13,89,51,23,82,33,0,42,4,5,3,9,0,0,SA,0
1406,1976,Bachelor,Single,5320100,1,1,02/12/13,49,280,7,81,20,0,27,8,6,5,7,0,0,SP,0
1407,1987,High School / Below,Couple,2042500,1,0,10/29/12,5,4,12,5,3,16,17,2,2,3,7,0,0,GER,0
1409,1952,Bachelor,Couple,4068900,0,1,3/18/13,69,270,3,27,39,6,99,7,7,5,8,0,0,US,0
1411,1953,Bachelor,Single,8262300,0,0,11/10/13,58,204,34,204,172,153,173,1,2,4,1,0,0,SP,0
1419,1951,Bachelor,Couple,3402600,1,1,08/05/13,11,18,6,15,12,8,17,3,2,3,5,0,0,SP,0
1440,1979,Master,Couple,5251300,0,0,09/04/12,84,367,17,241,104,188,232,2,9,9,7,0,0,SP,0
1446,1957,Master,Single,8642400,0,0,04/05/14,12,387,68,569,89,45,68,1,6,12,1,0,0,SA,0
1448,1964,Master,Couple,3356200,1,2,6/25/14,33,21,12,12,0,3,3,3,2,4,4,0,0,IND,0
1453,1944,Doctorate,Single,5751300,0,0,07/06/13,59,735,40,183,52,20,30,2,9,13,6,0,0,SP,0
1456,1980,Bachelor,Single,6047400,0,1,04/01/13,25,265,199,303,234,9,170,7,10,12,7,0,0,IND,0
1458,1983,Master,Couple,2105900,1,0,01/07/14,40,8,3,19,3,3,8,3,3,3,6,0,0,SP,0
1459,1967,Doctorate,Couple,6906300,0,1,11/07/12,16,666,35,124,69,8,26,1,5,5,3,0,0,SP,0
1461,1966,Doctorate,Single,3692100,1,1,7/28/13,74,17,1,12,3,1,4,2,2,3,7,0,0,CA,0
1463,1959,Bachelor,Single,4516000,1,1,3/29/14,9,8,2,5,3,0,3,1,1,2,7,0,0,AUS,0
1473,1961,Master,Single,4782300,0,1,7/23/13,0,53,1,5,2,1,10,2,2,3,8,0,0,CA,0
1490,1963,Bachelor,Couple,5575900,0,1,11/28/12,84,675,0,85,10,7,77,5,10,8,8,0,0,CA,0
1491,1966,Master,Couple,7148800,0,0,2/18/13,87,162,33,124,40,28,172,2,3,7,1,0,0,CA,0
1497,1953,Bachelor,Single,4795800,0,1,1/19/13,8,268,11,88,15,3,22,2,6,5,5,0,0,SA,0
1501,1983,Doctorate,Couple,16080300,0,0,08/04/12,21,55,16,1622,17,3,4,15,0,1,0,0,0,US,0
1502,1984,Bachelor,Couple,2842700,1,0,3/21/13,67,18,3,19,3,3,6,2,2,3,8,0,0,SP,0
1503,1977,Doctorate,Couple,16239700,1,1,06/03/13,31,85,1,16,2,1,2,0,0,1,1,0,0,SP,0
1506,1976,Bachelor,Single,4216000,1,1,6/28/13,26,48,9,45,3,15,20,4,2,4,6,1,0,SP,0
1509,1959,Doctorate,Couple,8446000,0,0,01/04/13,80,152,27,103,106,54,81,0,9,4,5,1,0,SP,4
1513,1980,Master,Couple,6083900,1,1,8/28/12,72,600,21,128,223,150,128,13,2,12,8,0,0,SP,0
1515,1976,Master,Couple,3417600,0,1,1/22/14,9,11,2,7,4,2,2,1,1,3,3,0,0,CA,0
1517,1970,Bachelor,Single,3082200,1,0,6/14/13,92,3,9,13,2,12,12,1,1,3,7,0,0,SP,0
1518,1966,Master,Couple,6269400,1,1,6/17/13,29,379,6,157,25,91,91,5,9,7,7,0,0,SP,0
1519,1973,Doctorate,Single,3857800,1,1,6/22/13,2,38,4,22,3,3,3,3,3,3,8,1,0,SP,0
1523,1974,Bachelor,Couple,5904100,1,1,05/07/14,25,69,2,15,2,2,6,2,2,4,5,0,0,SA,0
1524,1984,Master,Single,8169800,0,0,03/01/13,1,709,45,115,30,160,45,1,8,5,5,1,0,SP,1
1542,1976,Bachelor,Single,5624300,1,2,12/30/13,26,347,0,35,4,3,7,6,4,8,5,0,0,US,0
1544,1968,Master,Single,8138000,0,0,12/22/12,51,741,68,689,224,68,103,1,4,10,2,0,0,CA,0
1545,1987,Bachelor,Couple,3850800,1,0,08/02/13,95,120,19,206,25,19,54,6,7,5,8,0,0,SP,0
1553,1947,Bachelor,Couple,8265700,0,0,9/27/13,71,966,168,672,246,105,126,1,7,10,4,0,0,GER,2
1570,1952,Doctorate,Couple,6970200,0,1,2/19/13,8,664,9,240,50,19,57,2,7,10,4,0,0,SP,0
1577,1947,Bachelor,Couple,7856900,0,0,2/19/14,14,558,79,622,207,175,95,1,4,4,1,1,0,SP,1
1581,1981,Bachelor,Couple,3740600,1,0,10/10/13,18,2,0,8,2,2,3,1,1,2,8,1,0,SP,0
1584,1978,Bachelor,Couple,4144300,1,0,04/01/14,79,171,7,171,25,19,89,6,8,5,8,0,0,SA,0
1592,1971,Bachelor,Couple,9076500,0,0,1/24/14,25,547,99,812,151,82,33,0,4,5,1,0,0,CA,2
1600,1966,Master,Couple,5696200,2,1,10/11/13,60,292,3,77,10,3,26,7,6,5,7,0,0,SA,0
1604,1961,Master,Couple,4735300,0,1,11/13/13,93,184,2,19,8,8,4,3,2,6,5,0,0,SP,0
1606,1972,Bachelor,Couple,3859000,1,0,5/15/13,65,3,1,8,4,3,3,1,1,2,8,0,0,SA,0
1618,1966,Bachelor,Couple,5604600,0,0,01/02/13,9,577,0,64,0,0,51,2,10,8,8,1,0,GER,1
1619,1957,Bachelor,Couple,9036900,0,0,4/28/14,2,292,51,981,224,23,17,1,4,6,1,1,0,SP,0
1626,1974,Doctorate,Single,3586000,1,1,5/19/14,37,15,0,8,4,2,20,2,1,2,5,1,0,SA,1
1627,1958,Master,Single,7729700,0,0,1/26/13,84,408,61,109,48,122,41,1,5,9,4,0,0,SP,1
1628,1972,Bachelor,Couple,7179600,0,0,10/24/13,54,354,21,311,167,75,32,1,9,4,4,0,0,SA,0
1630,1980,Bachelor,Single,6182500,0,1,08/07/13,56,162,50,100,55,30,27,1,4,8,4,0,0,SP,0
1631,1966,Doctorate,Couple,6522000,0,0,09/03/12,3,890,63,292,0,25,12,4,8,7,6,1,0,GER,0
1640,1955,Bachelor,Single,6458700,1,1,6/22/14,49,66,0,16,0,6,20,2,1,4,3,0,0,SP,0
1646,1973,High School / Below,Couple,2522400,1,0,3/16/14,36,4,9,12,11,2,8,2,1,3,3,0,0,CA,0
1650,1961,Master,Couple,8184300,0,0,4/22/13,13,779,86,537,34,69,138,1,5,12,3,0,0,SP,0
1655,1980,Bachelor,Couple,3435000,1,0,10/19/13,81,16,3,15,2,1,11,1,1,3,7,0,0,AUS,0
1663,1979,Doctorate,Couple,3404300,1,0,10/25/13,97,20,2,14,3,0,10,1,2,2,9,0,0,SP,0
1665,1965,Doctorate,Single,6414000,0,2,9/23/13,71,1459,0,61,0,15,215,5,2,6,5,1,0,SA,3
1672,1975,Doctorate,Couple,6564000,0,1,03/01/14,74,204,7,149,20,15,66,1,5,8,2,0,0,SA,0
1676,1976,Bachelor,Couple,4305700,0,1,10/30/13,30,213,2,44,0,2,5,4,4,5,5,0,0,SP,0
1685,1968,Doctorate,Couple,6298100,0,0,3/17/13,21,796,14,590,38,44,0,1,4,13,3,0,0,CA,1
1710,1979,Bachelor,Single,3016800,1,0,03/07/13,51,154,20,66,0,12,27,7,6,4,9,0,0,SP,0
1715,1979,Bachelor,Couple,2585100,1,0,02/11/13,45,9,4,18,7,5,5,2,2,3,7,0,0,AUS,0
1717,1989,Bachelor,Single,3974700,1,0,4/13/14,43,80,15,93,20,13,52,3,5,4,8,0,0,SA,0
1726,1971,Bachelor,Single,2258500,0,0,3/18/13,23,3,9,15,13,2,39,1,1,2,9,1,0,SP,1
1729,1962,Doctorate,Couple,6642600,0,1,10/02/13,14,1043,24,97,32,24,157,2,3,10,6,0,0,SP,0
1734,1969,Doctorate,Couple,4070600,2,1,1/17/13,37,59,0,11,4,2,5,4,3,4,7,0,0,SA,0
1740,1945,Bachelor,Couple,5595600,0,0,04/07/14,22,760,38,104,50,9,38,2,7,4,4,0,0,SP,1
1743,1975,Bachelor,Single,6971900,0,0,5/26/14,99,273,86,208,177,14,43,1,2,5,1,0,0,SP,0
1744,1966,High School / Below,Single,2352900,0,1,01/07/13,67,9,7,13,3,2,20,1,1,2,6,0,0,SP,0
1745,1963,Doctorate,Single,8569600,0,0,05/03/13,88,714,76,395,116,0,12,1,4,9,1,1,0,SP,0
1755,1989,Master,Couple,4520400,1,0,04/11/14,93,30,11,25,29,1,18,1,1,4,3,0,0,SA,0
1763,1989,Bachelor,Couple,8767900,0,0,7/27/13,62,1259,172,815,97,148,33,1,7,10,4,1,0,CA,3
1764,1976,Bachelor,Single,3395500,1,0,08/09/13,92,100,2,128,23,7,10,4,5,5,8,0,0,SA,0
1772,1976,Doctorate,Couple,7917400,0,0,01/11/13,2,1074,37,518,193,92,129,1,5,7,2,1,0,CA,2
1773,1979,Master,Couple,1239300,0,0,12/04/12,38,5,6,15,11,7,13,1,2,3,9,0,0,SA,0
1777,1981,High School / Below,Couple,2596500,0,0,09/07/12,29,2,2,11,41,7,11,1,2,3,8,0,0,SP,0
1802,1972,Bachelor,Couple,6479500,0,1,1/17/13,23,412,5,119,38,29,77,3,3,12,2,0,0,SP,0
1818,1972,Doctorate,Couple,2973200,1,0,3/25/14,23,25,0,8,0,1,4,1,2,2,9,0,0,CA,0
1826,1971,Bachelor,Single,8483500,0,0,6/16/14,0,189,104,379,111,189,218,1,4,6,1,1,0,SP,0
1829,1962,Doctorate,Single,5495900,0,1,1/19/13,55,1148,0,60,0,0,24,3,9,4,7,1,0,SP,1
1833,1975,Doctorate,Single,3919000,1,0,4/26/14,91,68,8,18,19,8,12,2,2,4,5,0,0,SP,0
1834,1979,Master,Single,3554400,1,0,03/08/14,77,30,5,23,4,1,4,1,2,3,7,0,0,SA,0
1839,1975,Bachelor,Single,4332200,0,0,4/21/14,25,56,7,48,10,2,18,1,3,4,7,0,0,IND,0
1857,1953,Bachelor,Single,4713900,1,1,03/06/14,2,46,0,12,0,2,23,2,2,2,7,1,0,SP,0
1859,1973,Master,Couple,7525100,0,0,8/27/12,34,721,111,925,97,18,18,1,7,5,5,1,0,GER,0
1867,1958,Bachelor,Single,6484900,0,0,11/13/12,42,652,48,350,94,84,108,1,9,6,5,1,0,SP,0
1876,1991,Bachelor,Couple,1892900,0,0,2/16/13,15,32,0,8,23,4,18,1,1,4,6,0,0,IND,0
1878,1986,Master,Couple,2314800,0,0,2/18/14,83,4,6,8,6,3,10,1,2,3,7,0,0,SP,0
1880,1960,Doctorate,Couple,5353700,1,1,1/30/14,17,81,0,6,0,0,6,2,2,3,5,0,0,IND,0
1890,1972,Master,Couple,4203300,1,1,9/19/12,95,11,1,4,2,0,7,1,1,2,7,0,0,SP,0
1891,1981,Master,Single,7878900,0,0,08/08/12,12,667,50,850,21,83,83,1,4,5,2,1,0,SP,0
1907,1951,Master,Single,6312000,0,1,9/28/12,53,965,69,279,54,41,69,5,8,9,7,1,0,SP,0
1911,1988,Bachelor,Couple,6743000,0,0,09/05/12,6,595,97,291,127,133,121,1,11,12,6,0,0,GER,0
1915,1952,Doctorate,Couple,7893900,0,0,12/12/13,57,794,115,243,150,0,205,1,8,6,3,0,0,GER,0
1916,1955,Master,Couple,4573600,0,1,7/24/13,92,188,3,180,20,3,43,5,7,6,7,0,0,GER,0
1920,1973,Bachelor,Couple,4032100,1,1,7/29/13,59,44,4,21,6,0,27,2,3,3,7,0,0,SP,0
1921,1968,Doctorate,Couple,5906200,2,1,10/03/13,74,46,1,12,3,0,9,2,2,3,4,0,0,SP,0
1927,1974,Master,Couple,6940100,0,1,3/23/14,41,399,27,159,58,8,39,4,4,5,2,0,0,GER,0
1928,1974,Bachelor,Couple,3181400,1,0,02/09/13,73,35,3,20,4,1,20,2,2,3,9,0,0,SA,1
1940,1987,Bachelor,Couple,2525200,1,0,07/12/13,26,1,3,4,2,2,6,1,1,2,8,0,0,AUS,0
1945,1963,Bachelor,Couple,7143400,0,1,9/18/13,4,711,36,217,172,96,168,3,7,7,4,0,0,SP,2
1951,1982,High School / Below,Couple,3444500,0,0,1/27/13,92,228,122,122,208,129,30,6,11,8,9,0,0,SP,0
1958,1974,Doctorate,Couple,5501200,0,1,3/21/14,85,582,0,65,0,0,13,6,8,9,5,0,0,SP,0
1964,1952,Bachelor,Couple,8661000,0,0,09/05/13,66,446,107,768,33,196,53,1,5,6,2,0,0,SP,0
1966,1966,Doctorate,Couple,8461800,0,0,11/22/13,96,684,100,801,21,66,0,1,6,10,2,0,0,AUS,1
1968,1972,Bachelor,Single,4568400,1,0,12/02/13,37,5,1,5,10,0,7,1,1,2,7,0,0,SA,0
1970,1969,Master,Couple,3405300,0,1,09/10/12,14,63,0,21,7,0,12,1,3,3,8,0,0,SP,0
1987,1988,High School / Below,Single,2106300,1,0,9/25/13,34,1,10,11,19,3,15,2,2,3,6,0,0,SP,0
1990,1975,Doctorate,Single,6315900,0,0,11/05/12,74,965,34,586,89,86,37,1,3,8,3,0,0,SP,1
1991,1968,Bachelor,Couple,4493100,0,1,1/18/14,0,78,0,11,0,0,7,1,2,3,5,0,0,SP,0
1992,1965,Bachelor,Couple,6059700,0,1,01/01/14,2,522,0,257,32,16,66,4,2,8,7,1,0,SP,1
1993,1950,Doctorate,Couple,5860700,0,1,12/23/12,63,867,0,86,0,0,19,3,2,9,8,0,0,US,1
1998,1977,Bachelor,Single,3769700,1,0,02/07/14,82,34,6,21,11,4,8,1,2,3,6,0,0,IND,0
2002,1959,Bachelor,Single,7196400,0,0,5/20/13,81,587,51,932,180,34,86,1,5,5,3,0,0,SP,0
2004,1970,Bachelor,Single,7267900,0,1,9/18/13,65,619,54,260,127,54,54,1,4,5,1,0,0,SP,0
2005,1991,Bachelor,Couple,3576500,1,0,12/11/13,86,22,3,30,0,5,15,2,2,4,6,0,0,CA,0
2008,1979,Bachelor,Couple,7758300,0,0,02/10/14,93,372,23,384,250,12,108,1,4,9,2,0,0,SA,1
2021,1976,Bachelor,Couple,6145600,0,1,3/27/13,47,563,76,384,84,192,89,4,6,13,4,0,0,SP,0
2036,1974,Doctorate,Couple,5790600,0,1,06/11/13,29,243,11,119,10,3,15,3,4,8,4,0,0,IND,0
2055,1974,Doctorate,Single,3586000,1,1,5/19/14,37,15,0,8,4,2,20,2,1,2,5,0,0,SP,1
2061,1956,Bachelor,Couple,5073700,0,1,05/11/13,61,78,0,11,0,0,10,1,2,4,6,0,0,SP,1
2066,1950,Bachelor,Couple,3882300,0,1,8/30/12,56,70,0,11,2,8,23,1,2,3,6,0,0,SP,0
2072,1970,Doctorate,Couple,5337400,0,1,8/16/12,34,896,10,101,13,10,34,6,4,9,9,1,0,CA,1
2075,1970,Bachelor,Couple,7246000,0,0,11/14/13,56,377,10,540,80,30,10,1,3,7,1,0,0,SA,0
2079,1948,Master,Couple,8104400,0,0,12/27/13,0,450,26,535,73,98,26,1,5,10,1,0,0,US,0
2088,1973,Bachelor,Couple,8490600,0,0,10/04/13,98,997,15,414,99,30,76,1,5,12,2,0,0,GER,3
2098,1970,Doctorate,Couple,3358100,2,0,01/08/13,38,11,0,5,0,0,1,1,1,2,8,0,0,SP,0
2106,1975,Master,Couple,2013000,0,0,3/17/14,99,0,6,3,7,6,12,1,1,3,8,0,0,SP,0
2109,1991,Bachelor,Single,9684300,0,0,4/23/13,60,448,71,951,40,17,17,1,6,10,2,1,0,SP,1
2114,1947,Doctorate,Single,8280000,0,0,11/24/12,23,1006,22,115,59,68,45,1,7,12,3,1,0,US,2
2115,1958,Bachelor,Couple,5011600,1,1,6/20/14,68,54,0,10,0,0,2,2,1,4,5,0,0,GER,1
2118,1965,Master,Couple,6290500,0,1,09/10/13,68,166,75,96,119,107,59,3,7,8,4,0,0,SP,0
2125,1960,Bachelor,Single,6303300,0,0,11/15/13,82,194,61,480,225,112,30,1,3,8,2,0,0,US,0
2130,1983,Bachelor,Couple,4520300,2,0,3/23/14,4,35,3,67,10,8,24,1,3,3,6,1,0,SA,0
2131,1960,Doctorate,Single,6285900,0,1,12/30/12,37,1063,89,102,16,12,25,4,9,6,6,0,0,SP,0
2134,1953,Bachelor,Single,5370000,0,1,8/17/12,94,263,5,233,69,41,83,4,5,8,5,0,0,SA,0
2139,1976,Master,Couple,750000,1,0,10/02/13,19,3,1,10,3,2,12,3,2,3,5,0,0,AUS,0
2147,1970,Bachelor,Couple,7665300,0,0,8/16/13,91,736,63,946,219,189,126,1,4,11,2,0,0,SP,2
2150,1959,Doctorate,Single,8099500,0,1,05/11/13,83,860,28,409,73,56,56,1,8,4,4,0,0,CA,0
2154,1972,Bachelor,Single,3037200,1,1,12/25/12,33,15,0,12,7,3,7,3,2,3,7,0,0,SP,0
2156,1956,Doctorate,Couple,2255400,1,1,11/03/12,38,27,0,10,0,0,4,4,2,4,5,0,0,SP,0
2157,1973,Bachelor,Couple,2629000,1,1,01/12/13,49,15,8,16,11,5,22,4,2,4,6,0,0,CA,0
2162,1977,Bachelor,Couple,5693900,0,1,9/18/13,19,256,34,103,90,29,49,2,3,10,3,0,0,SP,0
2166,1961,Master,Single,4677900,1,1,07/12/13,55,12,1,3,0,0,7,1,0,2,4,0,0,SA,0
2173,1953,Bachelor,Single,4004900,0,1,10/16/13,23,13,6,7,0,3,3,1,1,3,6,0,0,SP,0
2174,1955,Bachelor,Single,4634400,1,1,03/08/14,38,11,1,6,2,1,6,2,1,2,5,0,0,US,0
2176,1973,Bachelor,Couple,8013400,1,0,5/20/13,40,1218,16,272,104,0,80,2,5,6,6,1,0,SA,3
2181,1971,Bachelor,Couple,7061700,0,0,6/23/13,45,353,61,753,40,46,27,1,3,7,2,0,0,SP,0
2186,1978,Master,Couple,8232600,0,0,03/10/14,30,938,142,754,159,81,183,1,5,6,2,1,0,SP,3
2202,1979,Bachelor,Couple,4115400,0,1,04/09/13,98,44,2,11,2,3,7,1,1,4,5,0,0,SP,0
2217,1976,Master,Couple,3728400,1,1,3/29/13,46,11,1,2,2,1,6,1,0,3,6,0,0,IND,0
2223,1966,Master,Single,6417600,0,1,08/03/12,52,1215,33,249,64,116,149,8,8,8,6,0,0,SP,0
2225,1978,Bachelor,Single,8258200,0,0,06/07/14,54,510,120,550,156,40,241,1,4,7,1,1,0,AUS,2
2227,1959,Master,Couple,2649000,0,0,9/22/12,92,45,47,52,21,20,25,2,3,5,6,0,0,SA,0
2230,1971,Doctorate,Couple,2362600,1,0,5/24/14,84,27,2,14,0,0,0,3,3,3,5,0,0,GER,0
2245,1970,Master,Couple,4364100,1,1,4/22/13,50,57,2,51,4,2,23,3,2,4,6,0,0,SP,0
2246,1966,Master,Couple,4689100,0,1,09/01/13,91,43,12,23,29,15,61,1,2,4,4,0,0,SP,0
2253,1991,Bachelor,Couple,1892900,0,0,2/16/13,15,32,0,8,23,4,18,1,1,4,6,0,0,SP,0
2254,1984,Bachelor,Couple,6952000,0,0,07/07/13,95,627,120,414,121,80,93,1,9,5,5,0,0,AUS,0
2256,1974,Master,Couple,2715900,1,1,3/29/14,33,17,0,3,0,0,1,2,1,3,6,0,0,SP,0
2258,1987,Bachelor,Couple,3288000,1,0,12/04/12,76,8,4,15,7,6,2,1,1,3,8,0,0,SP,0
2261,1970,Bachelor,Couple,2630400,1,0,6/23/13,5,4,1,5,2,0,4,1,1,2,7,0,0,GER,0
2262,1966,Master,Couple,4514300,0,1,8/26/13,74,202,5,74,11,5,14,3,6,5,7,0,0,SA,0
2276,1956,Bachelor,Single,5795900,0,1,05/02/13,71,430,16,322,43,24,33,5,4,11,3,0,0,SP,0
2278,1986,Master,Single,3381200,1,0,11/03/12,86,4,17,19,30,24,39,2,2,3,6,0,0,US,0
2281,1971,Bachelor,Single,3369700,1,0,9/15/13,34,4,3,7,0,3,11,1,1,2,7,0,0,GER,1
2285,1955,Master,Couple,3663400,0,1,5/28/13,0,213,9,76,4,3,30,3,5,5,7,0,0,SA,0
2286,1963,Bachelor,Single,5078500,1,1,09/10/13,27,64,1,21,0,1,27,2,2,3,6,0,0,CA,0
2292,1986,Bachelor,Single,2232700,1,0,08/02/13,94,5,4,8,2,0,5,1,1,3,5,0,0,SP,0
2295,1955,Doctorate,Couple,6267000,0,1,02/02/14,57,539,30,92,80,46,38,1,5,13,3,0,0,SA,0
2296,1976,Master,Couple,3736800,1,0,12/16/13,4,3,2,11,2,2,10,1,1,2,6,0,0,SP,1
2304,1964,Doctorate,Couple,6631300,0,1,9/16/13,86,625,7,99,10,22,7,2,6,12,4,0,0,SA,0
2308,1955,Bachelor,Couple,4673400,0,1,11/18/12,40,110,5,137,26,23,29,2,6,5,7,0,0,SP,0
2315,1961,Bachelor,Single,5840100,0,1,4/20/14,55,10,0,11,17,29,29,1,1,2,4,0,0,SP,0
2320,1979,Master,Couple,4702500,0,1,09/12/13,98,508,11,59,23,5,29,5,11,6,9,0,0,SP,0
2324,1973,Bachelor,Couple,7704400,0,1,10/27/13,12,625,38,242,50,34,76,2,7,11,4,0,0,SP,1
2326,1991,Bachelor,Couple,1892900,0,0,2/16/13,15,32,0,8,23,4,18,1,1,4,6,0,0,SP,0
2337,1972,Bachelor,Single,2981900,1,0,10/24/13,77,9,1,24,2,1,2,3,3,3,6,0,0,SP,0
2345,1983,Doctorate,Couple,7003800,0,0,10/25/13,54,587,54,348,71,54,130,1,4,8,2,0,0,AUS,0
2350,1973,Bachelor,Couple,5966600,1,1,3/22/13,87,623,53,178,23,17,133,7,3,8,8,0,0,CA,1
2371,1973,Bachelor,Couple,3362200,1,1,4/13/13,22,39,1,22,3,4,12,3,2,4,7,0,0,GER,0
2375,1973,Bachelor,Couple,3026100,1,2,9/25/12,75,8,0,5,0,3,6,1,0,3,8,0,0,SP,0
2379,1954,Bachelor,Single,6926700,0,0,9/22/12,31,778,44,499,95,73,146,2,3,5,7,1,0,SA,0
2387,1953,Master,Couple,4377600,1,1,02/03/13,9,177,2,71,3,2,20,6,5,4,8,1,0,SA,0
2392,1973,Bachelor,Couple,4032100,1,1,7/29/13,59,44,4,21,6,0,27,2,3,3,7,0,0,SP,0
2404,1977,Bachelor,Couple,5335900,1,1,5/27/13,4,173,4,30,3,6,41,4,5,4,7,0,0,US,0
2406,1950,Bachelor,Couple,5459100,0,1,08/05/13,63,376,4,94,12,9,24,3,6,8,5,0,0,AUS,0
2407,1983,Bachelor,Couple,6910900,0,0,11/09/12,10,823,25,459,124,29,95,1,6,7,4,1,0,US,1
2408,1977,Bachelor,Couple,5859700,1,1,11/20/12,20,490,0,184,10,28,21,12,7,9,7,0,0,IND,0
2410,1970,Bachelor,Single,8165700,0,0,1/22/14,69,364,40,425,158,60,50,1,3,8,1,0,0,SP,0
2415,1963,Bachelor,Couple,6256800,0,1,04/07/14,99,362,17,398,80,35,61,3,5,5,4,0,0,SP,1
2416,1970,Doctorate,Single,6658200,0,0,03/03/14,83,789,25,420,16,38,0,1,2,9,1,0,0,SP,0
2426,1965,Doctorate,Single,7882500,0,0,9/14/12,35,483,74,114,169,37,18,1,5,13,3,1,0,SP,0
2428,1971,Bachelor,Couple,2816400,1,0,05/04/13,23,3,18,26,11,8,12,3,2,4,7,0,0,GER,0
2429,1955,Bachelor,Single,7207100,0,1,2/14/13,4,531,69,300,150,138,150,3,5,8,2,0,0,CA,0
2431,1991,Bachelor,Couple,1822200,0,0,12/31/12,70,12,4,19,12,6,14,1,2,3,8,0,0,SP,0
2445,1975,Doctorate,Couple,2844000,1,0,07/07/13,87,38,1,24,0,0,0,1,2,3,8,0,0,SP,0
2447,1980,Bachelor,Couple,3054500,1,0,10/17/12,71,4,12,15,19,7,12,2,2,3,7,0,0,IND,0
2452,1972,Bachelor,Couple,3460000,1,1,01/01/13,8,199,33,60,8,3,15,5,5,5,8,1,0,SP,0
2453,1961,Bachelor,Couple,6280700,0,1,8/31/12,83,526,28,135,10,21,99,3,5,12,5,0,0,SP,0
2456,1976,Doctorate,Couple,4023300,0,1,10/14/13,84,80,4,46,0,17,2,5,2,5,6,0,0,SA,0
2457,1976,High School / Below,Couple,3080100,0,1,10/26/12,23,8,4,5,15,2,11,2,1,3,7,0,0,SP,0
2461,1956,Master,Single,5112400,1,1,12/18/13,79,26,1,11,0,1,4,2,1,3,3,0,0,CA,0
2471,1966,Bachelor,Couple,6148200,0,0,6/27/14,39,48,58,68,16,66,43,1,3,6,2,0,0,SA,0
2478,1974,Bachelor,Couple,2541000,1,0,8/31/13,48,2,2,4,13,13,4,1,1,4,4,0,0,SP,0
2488,1957,Master,Single,3139500,1,1,3/23/13,80,23,1,25,0,8,7,4,2,3,6,0,0,SP,0
2493,1967,Bachelor,Couple,6128600,0,1,08/02/13,34,356,0,107,19,9,117,2,7,8,5,0,0,GER,0
2495,1975,Master,Couple,8389100,0,1,6/20/14,24,217,38,350,111,85,15,1,4,10,1,0,0,SP,0
2499,1959,Master,Single,7534200,0,1,05/06/13,38,204,97,97,21,118,26,1,5,10,4,0,0,SP,0
2516,1970,Master,Couple,4683100,1,1,06/08/13,84,22,2,10,6,4,34,2,1,2,4,0,0,SP,0
2518,1987,Master,Couple,2049100,0,0,1/25/13,16,5,4,5,4,2,10,1,0,2,7,0,0,GER,0
2521,1972,Master,Couple,3517800,1,0,01/10/13,10,23,1,13,2,2,18,1,1,2,7,1,0,SP,1
2525,1975,Doctorate,Couple,3841000,0,0,9/14/12,65,153,64,123,116,64,14,2,5,9,6,1,0,CA,0
2532,1988,Master,Single,7345400,0,0,03/01/14,95,982,73,351,56,14,175,1,2,6,5,0,0,SP,1
2534,1954,Bachelor,Couple,3771600,0,1,4/21/14,4,97,1,41,6,2,41,2,4,3,7,0,0,AUS,0
2535,1979,Master,Couple,8809700,1,0,8/18/12,24,163,0,480,0,126,75,1,6,8,9,1,0,SP,3
2541,1977,Bachelor,Couple,2402700,1,0,06/09/13,7,14,7,11,11,0,5,2,2,3,8,0,0,SP,0
2544,1952,Master,Single,5753000,0,1,10/12/13,68,50,1,27,6,7,1,1,1,4,1,0,0,IND,0
2546,1978,Master,Single,3187800,0,1,6/22/14,7,23,4,5,10,5,23,1,1,4,3,0,0,SP,0
2549,1984,Doctorate,Couple,2184000,1,0,7/21/13,80,17,0,9,0,0,1,1,1,3,9,0,0,SP,0
2552,1956,Doctorate,Single,5552100,1,2,10/22/13,11,416,0,26,0,0,4,9,6,6,7,1,0,SP,1
2557,1971,Master,Single,2954800,1,0,8/29/13,52,7,1,6,3,1,11,1,1,2,4,0,0,SP,1
2561,1967,Bachelor,Single,6381000,0,1,11/11/12,45,977,12,253,16,12,101,4,4,12,8,0,0,GER,1
2563,1962,High School / Below,Couple,2824900,0,0,6/15/14,80,1,9,7,2,14,10,1,2,3,6,0,0,IND,0
2564,1954,Bachelor,Couple,6127800,0,1,01/04/14,87,111,3,28,2,6,15,2,3,4,6,0,0,SP,0
2565,1956,Master,Single,7063800,0,0,06/01/13,69,1016,12,215,16,12,63,1,4,10,3,0,0,SA,1
2569,1988,Bachelor,Couple,1732300,0,0,10/10/12,38,3,14,17,6,1,5,1,1,3,8,0,0,US,0
2570,1969,Bachelor,Couple,5653400,0,1,7/23/13,35,691,7,61,10,0,46,4,10,7,8,1,0,SP,2
2574,1978,Doctorate,Couple,6199600,0,1,1/31/13,27,1050,12,144,0,0,24,3,6,8,5,1,0,SP,3
2579,1958,Bachelor,Couple,7111300,0,1,12/17/13,95,495,33,255,11,33,8,4,6,9,4,0,0,SP,0
2587,1973,Doctorate,Couple,2979100,1,0,5/15/14,21,14,0,6,0,0,0,2,2,3,5,0,0,AUS,0
2589,1973,Bachelor,Single,2675900,1,0,02/07/14,65,25,3,16,8,5,2,2,2,3,6,0,0,AUS,0
2591,1960,Bachelor,Single,7632000,0,1,6/22/14,49,526,35,214,69,53,35,2,6,4,2,0,0,US,0
2607,1954,Bachelor,Single,4046400,0,1,01/11/13,78,424,17,118,7,23,41,6,8,8,8,0,0,SP,0
2611,1960,Master,Couple,8257600,0,0,08/01/12,66,1206,55,445,168,18,18,1,2,12,1,0,0,SA,1
2612,1988,Bachelor,Couple,7579400,0,0,12/24/13,33,754,160,625,63,32,48,1,7,12,3,0,0,SA,1
2613,1961,Master,Couple,5419700,0,1,04/03/14,16,162,6,37,6,13,13,2,1,6,1,0,0,SP,0
2620,1975,Doctorate,Couple,3459600,1,0,4/13/13,48,14,0,2,0,0,7,1,1,2,8,1,0,SA,0
2625,1955,Master,Single,4260700,0,1,11/17/13,30,156,29,56,30,32,47,2,3,7,3,0,0,SA,0
2631,1983,Bachelor,Couple,7185300,0,0,05/08/13,29,358,108,413,141,97,32,1,2,6,1,0,0,SP,0
2632,1955,Bachelor,Couple,5050100,1,1,6/18/13,10,297,0,38,13,0,152,7,5,4,6,1,0,IND,1
2634,1980,Master,Single,1665300,1,0,4/18/14,10,5,7,31,15,4,7,3,2,3,6,1,0,SP,0
2639,1967,Bachelor,Single,4360200,1,1,01/10/14,45,19,5,12,10,3,19,3,3,2,6,0,0,SA,0
2656,1972,Bachelor,Single,4085100,1,1,2/21/13,63,23,1,7,0,4,24,1,1,2,7,0,0,CA,0
2661,1965,Bachelor,Single,1870100,1,1,06/04/13,95,12,4,2,10,6,10,4,2,4,5,0,0,SA,0
2666,1973,Master,Couple,7623400,0,1,02/06/14,21,519,50,167,130,0,41,1,8,11,3,0,0,CA,1
2669,1994,Bachelor,Single,7429300,0,0,05/04/14,66,375,152,335,93,91,81,1,5,6,2,0,0,SP,0
2674,1959,Master,Single,7515400,0,1,09/04/12,79,543,10,205,160,143,82,1,6,6,3,1,0,US,0
2677,1957,Bachelor,Couple,4609700,0,1,3/31/13,11,72,24,68,65,4,8,5,3,6,4,0,0,SA,0
2678,1991,Bachelor,Single,3441200,1,0,2/13/13,62,52,12,50,4,36,55,3,5,3,9,0,0,AUS,0
2681,1985,Master,Couple,6537000,0,0,08/01/13,1,71,22,112,138,89,29,1,2,13,1,0,0,SP,0
2683,1970,Bachelor,Couple,5241300,0,2,02/02/13,56,295,106,271,75,98,65,4,6,12,6,0,0,CA,0
2686,1970,High School / Below,Couple,2239000,0,0,10/21/13,49,0,1,4,15,1,5,1,1,2,7,0,0,AUS,0
2694,1968,Bachelor,Couple,4266400,0,1,3/18/14,44,21,0,3,0,0,0,1,1,3,6,0,0,SP,0
2698,1977,Bachelor,Single,4702500,0,1,11/07/13,52,254,7,108,20,0,26,3,6,5,6,0,0,US,0
2711,1977,Master,Couple,3056000,1,0,6/27/13,6,9,1,5,4,5,7,1,1,3,7,0,0,CA,0
2712,1957,Bachelor,Couple,7186600,0,1,12/25/13,85,184,178,178,103,39,33,1,6,10,3,0,0,AUS,0
2715,1967,Master,Single,2943500,1,1,08/06/12,11,70,3,37,4,2,64,4,3,2,9,1,0,CA,0
2724,1982,Master,Single,3614300,1,0,3/30/14,33,12,0,1,0,0,6,1,0,2,3,0,0,SP,0
2727,1974,Bachelor,Couple,5710000,0,0,12/04/13,19,181,21,69,39,3,96,1,3,6,3,0,0,SA,0
2730,1956,Bachelor,Single,8031700,0,0,8/20/13,64,536,11,387,149,91,57,1,3,10,1,0,0,CA,0
2736,1979,Bachelor,Couple,7380700,0,1,01/02/13,88,366,124,156,71,78,54,2,5,11,2,0,0,IND,0
2740,1959,Doctorate,Single,3343800,1,1,9/22/13,81,62,1,16,3,2,6,4,2,4,5,0,0,SP,0
2747,1989,Doctorate,Couple,6754600,0,0,8/31/12,90,864,134,768,150,38,172,1,4,5,3,0,0,SP,0
2781,1982,Bachelor,Single,7206600,0,0,6/23/14,55,1003,34,536,134,51,34,1,4,6,2,1,0,SA,2
2782,1962,Doctorate,Couple,5445600,0,1,07/11/13,23,352,0,27,10,0,15,3,6,7,6,0,0,SP,0
2793,1977,Doctorate,Single,7017900,0,1,7/21/13,10,532,88,168,69,44,133,3,7,13,5,0,0,SA,0
2795,1959,Master,Single,3052300,2,1,07/01/13,0,5,0,3,0,0,5,1,1,2,7,0,0,CA,0
2797,1978,Bachelor,Couple,7211700,0,1,8/20/13,34,707,20,171,65,60,50,1,9,9,5,0,0,SP,0
2798,1978,Doctorate,Couple,10216000,0,0,11/02/12,54,763,29,138,76,176,58,0,7,10,4,1,0,SA,3
2802,1993,Master,Couple,8700000,0,0,12/15/12,61,196,25,607,67,17,49,1,4,7,2,0,0,AUS,0
2804,1976,Master,Single,4609800,1,1,8/18/12,86,57,0,27,0,0,36,4,3,2,8,1,0,IND,0
2807,1970,Bachelor,Couple,5679600,0,1,2/16/13,24,656,38,161,62,47,37,3,8,7,7,0,0,SP,0
2811,1964,Doctorate,Single,4891800,1,1,04/12/14,21,52,0,9,0,0,1,2,1,4,4,0,0,SP,0
2814,1977,Master,Couple,3056000,1,0,6/27/13,6,9,1,5,4,5,7,1,1,3,7,0,0,SA,0
2815,1976,Bachelor,Couple,3318300,1,0,2/24/14,46,7,5,39,17,15,37,2,4,3,7,0,0,SP,0
2826,1968,Bachelor,Couple,2257400,2,1,10/28/13,28,25,0,8,2,0,2,2,2,3,7,0,0,SP,0
2829,1956,Bachelor,Couple,6521000,0,1,03/10/14,25,626,0,70,0,7,28,2,9,8,6,0,0,CA,2
2831,1977,Bachelor,Couple,7841600,0,1,6/27/14,99,453,38,279,188,38,183,2,7,10,3,0,0,SP,0
2836,1973,Doctorate,Couple,4326900,1,0,9/16/13,61,10,1,7,0,0,1,1,1,2,8,0,0,GER,0
2849,1980,Bachelor,Single,6047400,0,1,04/01/13,25,265,199,303,234,9,170,7,10,12,7,0,0,CA,0
2853,1981,Bachelor,Single,5176600,1,0,03/11/14,74,60,51,87,6,20,51,2,4,4,5,0,0,CA,0
2861,1984,Bachelor,Single,2407200,1,0,4/16/13,79,9,1,6,3,0,4,1,1,2,8,0,0,SP,0
2868,1950,Doctorate,Single,2651800,1,1,04/08/13,33,20,1,28,3,3,2,3,2,3,8,1,0,US,0
2870,1974,Bachelor,Couple,4909400,0,1,9/21/12,6,376,0,38,11,8,69,5,6,6,6,0,0,SP,0
2874,1989,Master,Single,3538800,1,0,03/07/13,20,6,4,7,4,3,8,1,1,3,7,0,0,SA,0
2875,1979,Bachelor,Couple,6702300,0,0,03/04/14,93,444,44,382,11,8,17,1,3,13,2,0,1,SP,0
2877,1975,Master,Couple,4601400,1,1,1/21/13,21,410,0,59,19,9,44,10,7,8,7,0,0,SA,0
2878,1948,Doctorate,Couple,6747200,0,1,9/28/13,93,162,31,127,8,17,69,2,4,7,3,0,0,SP,0
2882,1976,Master,Single,6789300,0,1,10/01/12,31,711,28,142,49,18,47,2,3,9,8,0,0,SA,0
2886,1972,Master,Single,7429000,0,1,08/12/13,70,1121,0,72,0,12,12,4,10,10,6,0,0,SP,2
2891,1964,Bachelor,Single,6811800,0,1,10/18/13,51,595,23,123,10,23,154,2,8,4,6,0,0,US,0
2894,1986,Bachelor,Single,7290300,0,0,10/29/13,74,1067,138,750,0,19,39,1,7,8,4,1,0,SP,3
2895,1964,Bachelor,Single,4998000,0,1,10/23/13,79,104,1,54,13,9,14,2,3,5,5,0,0,IND,0
2909,1975,Doctorate,Couple,7812800,0,1,2/19/14,89,934,24,230,16,24,36,2,8,6,3,0,0,GER,2
2918,1982,Bachelor,Single,2851000,1,1,4/13/13,72,44,5,19,0,4,19,3,2,4,5,0,0,SP,0
2920,1976,Doctorate,Single,5261400,0,1,12/01/12,63,789,0,142,12,9,38,2,2,8,8,0,0,ME,0
2926,1953,Master,Couple,5595100,0,1,8/23/12,62,1241,0,80,0,13,40,3,3,11,8,0,0,SA,2
2928,1976,Doctorate,Single,5261400,0,1,12/01/12,63,789,0,142,12,9,38,2,2,8,8,0,0,SP,0
2929,1977,Bachelor,Single,2018000,0,0,2/20/13,27,18,42,24,15,20,18,1,2,4,7,0,0,SP,0
2930,1979,Master,Single,6809200,0,0,12/16/13,7,852,60,207,78,36,48,2,2,10,5,0,0,SA,0
2931,1979,Bachelor,Single,7184700,0,0,9/21/12,95,737,21,106,55,63,210,0,6,9,3,0,0,SP,1
2936,1983,Master,Couple,2366100,1,0,12/04/13,46,18,0,4,0,0,1,1,1,3,7,0,0,SA,0
2937,1975,Doctorate,Single,6835200,0,1,8/28/13,47,614,16,132,43,33,33,3,8,9,6,0,0,CA,0
2939,1971,Master,Couple,7941900,0,0,6/22/14,96,751,127,687,20,15,31,1,4,4,2,0,0,CA,0
2942,1965,Bachelor,Single,4590600,0,1,05/07/13,20,305,3,27,4,3,144,2,5,4,5,0,0,SP,1
2945,1956,Doctorate,Couple,4601500,1,1,4/13/14,25,38,0,2,0,0,6,1,1,3,7,0,0,CA,2
2948,1955,Master,Single,6263700,0,1,03/01/14,76,104,12,48,4,12,5,1,2,5,2,0,0,CA,0
2952,1978,Master,Single,3627300,1,0,4/16/14,80,29,3,30,3,2,9,2,3,3,6,0,0,SP,0
2958,1979,Bachelor,Couple,2844200,2,0,2/24/14,53,19,3,10,11,8,6,3,2,4,4,0,0,SP,0
2961,1983,Bachelor,Couple,4208100,1,0,2/26/13,86,175,10,110,54,6,27,2,6,4,6,0,0,SP,1
2963,1980,Bachelor,Couple,7550700,0,0,05/02/14,56,709,93,374,104,80,80,1,8,6,3,0,0,AUS,0
2964,1982,Bachelor,Couple,2687200,0,0,10/16/13,0,3,10,8,3,16,32,1,1,2,6,0,0,CA,0
2968,1944,Doctorate,Single,4894800,0,0,02/01/13,53,437,8,206,160,49,42,2,7,5,6,1,0,AUS,1
2975,1977,Bachelor,Couple,8560600,0,1,11/12/12,89,717,42,864,219,30,84,2,6,9,3,0,0,SP,1
2980,1953,Master,Single,882000,1,1,3/22/13,52,12,0,13,4,2,4,4,3,3,8,0,0,CA,0
2986,1977,Bachelor,Couple,3077200,1,1,03/12/14,89,7,2,4,2,1,4,1,1,2,6,0,0,CA,0
2995,1958,Master,Couple,6663600,0,0,8/17/13,64,291,10,689,84,10,0,1,3,9,1,0,0,SP,0
3005,1993,Bachelor,Single,8352800,0,0,05/01/14,7,530,117,678,134,44,147,1,4,8,1,1,0,SP,2
3006,1977,Bachelor,Single,3099200,1,0,4/22/13,83,17,0,14,7,3,2,1,1,3,7,0,0,CA,0
3007,1967,Bachelor,Couple,3775800,1,1,10/04/12,49,27,2,10,0,0,1,2,1,3,8,0,0,IND,0
3009,1963,Doctorate,Single,7167000,0,0,07/09/13,8,1462,16,128,0,0,160,1,5,6,6,1,0,SP,3
3010,1990,Master,Couple,8842000,0,0,05/02/14,87,957,153,612,99,95,153,1,4,8,1,0,0,SP,3
3011,1966,Bachelor,Couple,6913900,0,1,1/27/14,23,86,12,75,33,15,6,1,4,5,4,0,0,SA,0
3025,1959,Bachelor,Single,4996700,0,1,07/08/13,4,212,6,69,4,12,3,3,6,5,7,0,0,CA,0
3032,1985,Bachelor,Couple,2457000,1,0,2/27/13,97,28,34,62,11,14,44,3,4,4,9,0,0,SP,0
3033,1964,Master,Couple,3862000,0,0,05/11/13,56,112,17,44,34,22,89,1,2,3,3,0,0,AUS,0
3037,1984,Doctorate,Couple,5015000,0,0,6/20/13,32,135,46,92,65,61,11,2,5,7,5,0,0,CA,0
3050,1967,Bachelor,Couple,5419800,1,1,12/17/13,13,185,0,28,3,2,17,6,3,6,4,0,0,SP,0
3056,1979,Bachelor,Single,6369300,0,1,10/14/13,63,587,43,337,42,87,54,3,11,9,6,0,0,SA,0
3066,1976,Doctorate,Couple,6190500,0,1,02/04/14,2,167,0,43,6,2,13,2,4,4,5,0,0,SA,0
3068,1991,Bachelor,Couple,1835100,0,0,10/29/13,1,1,12,9,0,14,7,1,2,3,7,0,0,SP,0
3074,1985,Doctorate,Couple,7064300,0,0,10/15/12,66,1218,107,304,23,143,33,1,5,4,6,1,0,SP,0
3075,1973,Doctorate,Couple,5997300,0,0,09/11/13,47,130,30,168,20,34,0,1,3,7,1,0,0,SP,0
3076,1976,Bachelor,Couple,6665300,1,1,09/07/12,18,452,18,102,16,18,6,4,4,12,3,0,0,AUS,0
3081,1979,Doctorate,Couple,4101400,1,0,4/22/13,65,7,2,6,2,0,3,1,1,2,7,0,0,SP,0
3083,1975,Bachelor,Couple,4583700,1,1,7/26/13,88,215,13,87,17,17,24,5,6,5,7,0,0,SP,0
3091,1982,Master,Couple,7577400,1,0,05/02/14,27,340,21,134,258,14,56,1,7,8,4,0,0,SA,0
3099,1971,Bachelor,Single,4426700,1,1,2/25/13,48,183,5,65,3,5,49,5,5,4,9,0,0,SP,0
3102,1982,Master,Couple,1941400,1,0,10/16/13,32,2,3,12,3,5,7,1,1,3,8,0,0,CA,0
3104,1962,Bachelor,Single,8233200,0,0,9/17/12,89,830,59,968,51,79,19,1,5,12,2,1,0,GER,1
3107,1977,Bachelor,Couple,7132200,0,1,05/02/14,31,121,24,124,24,15,42,1,4,7,2,0,0,AUS,0
3112,1978,Master,Couple,2270100,1,0,09/05/13,2,2,4,9,0,4,5,1,1,3,5,0,0,SP,0
3120,1982,Bachelor,Couple,3854700,1,0,8/28/13,49,6,1,10,0,1,4,1,1,2,8,0,1,CA,0
3129,1984,Bachelor,Couple,3009600,1,0,5/22/14,30,5,3,11,12,5,9,1,2,3,6,0,0,SP,0
3130,1965,Bachelor,Single,1870100,1,1,06/04/13,95,12,4,2,10,6,10,4,2,4,5,0,0,SP,0
3136,1963,Master,Single,5943200,0,1,4/13/13,88,317,25,265,25,19,12,3,5,11,5,0,0,SP,0
3138,1957,Bachelor,Single,9124900,0,0,10/20/12,84,1324,27,119,71,108,27,0,7,6,4,1,0,SP,4
3139,1983,Master,Single,7411600,0,0,12/30/13,53,871,111,704,145,55,166,1,4,10,2,0,0,SA,1
3152,1958,Bachelor,Couple,2609100,1,1,2/25/14,84,15,10,19,8,17,20,3,2,3,5,0,0,IND,0
3153,1958,Doctorate,Single,4073700,2,1,12/08/13,24,11,0,4,0,0,2,1,1,2,8,0,0,SA,0
3158,1974,Bachelor,Couple,3230000,1,0,01/03/13,1,13,3,6,6,5,6,1,1,3,8,0,0,SP,0
3170,1958,Master,Couple,6814800,0,0,8/31/13,86,389,66,408,37,57,85,1,4,6,2,0,0,SP,0
3174,1960,Bachelor,Couple,8777100,0,1,5/22/13,61,1492,38,287,50,57,33,1,5,4,6,1,0,SP,4
3179,1981,Bachelor,Single,8174100,0,0,6/16/13,75,249,153,940,58,134,38,0,6,7,2,0,0,SP,0
3182,1974,Doctorate,Single,4685400,1,1,3/31/14,81,96,1,79,7,1,79,6,5,3,8,1,0,IND,1
3194,1975,Doctorate,Single,7146600,0,0,04/05/14,86,412,12,546,78,182,0,1,4,10,1,0,0,CA,0
3197,1981,Bachelor,Couple,7735300,0,1,12/16/13,38,275,59,107,69,101,59,2,6,8,4,0,0,SP,0
3202,1988,Doctorate,Couple,5156300,0,0,10/01/12,60,1166,0,48,0,0,36,1,4,10,8,0,0,SA,2
3220,1984,Bachelor,Couple,3992200,1,0,2/14/13,30,29,12,59,19,1,36,2,3,4,8,0,0,GER,0
3225,1985,Master,Couple,4220700,1,0,04/01/13,71,116,11,72,3,17,46,4,4,5,6,1,0,SP,1
3231,1974,Bachelor,Couple,3797100,1,0,11/25/13,97,5,4,10,2,2,7,1,1,3,8,0,0,US,0
3233,1966,Doctorate,Couple,6274500,0,1,3/23/13,89,562,21,464,28,10,32,3,7,11,5,0,0,SA,0
3254,1972,Bachelor,Couple,7088600,1,0,10/14/13,65,407,70,239,103,88,53,1,5,4,2,0,0,SP,0
3262,1959,Bachelor,Single,6828100,0,0,08/07/12,31,995,112,417,42,48,41,1,2,13,5,1,0,SP,0
3265,1960,Bachelor,Couple,3570100,0,0,3/19/13,36,21,1,9,7,3,5,1,1,3,6,0,0,SP,0
3266,1965,Bachelor,Couple,4252300,0,0,4/23/14,96,14,36,11,3,26,35,1,1,4,2,0,0,CA,0
3267,1964,Master,Couple,5728800,0,1,6/25/14,27,527,0,21,0,0,60,3,8,8,6,0,0,CA,1
3270,1979,Master,Couple,1711700,1,0,1/17/13,96,12,23,38,30,18,7,4,3,3,9,0,0,SA,0
3276,1977,Master,Couple,3630100,1,0,10/25/13,53,11,12,35,3,5,12,1,3,3,7,0,0,SA,0
3277,1956,Bachelor,Single,4943100,0,1,08/03/12,9,219,3,100,26,0,17,2,7,5,8,0,0,SP,0
3281,1961,Doctorate,Couple,4915400,1,1,11/03/13,69,206,10,67,30,27,71,6,4,8,6,0,0,SP,0
3283,1973,Master,Couple,7093200,0,1,1/19/14,57,200,193,100,46,185,185,2,6,12,3,0,0,SP,0
3286,1968,Doctorate,Single,2664200,1,0,03/01/14,71,13,2,15,2,2,8,2,2,3,6,0,0,SP,0
3298,1957,Master,Couple,5297300,0,1,11/08/12,92,856,0,76,12,9,199,7,9,9,8,0,0,SA,0
3308,1953,Bachelor,Couple,3570400,1,1,01/03/14,54,30,9,12,2,11,30,3,2,4,4,0,0,SA,0
3310,1974,Master,Couple,3568800,2,1,8/22/12,94,73,3,90,12,1,32,7,4,4,8,0,0,SP,0
3312,1989,Bachelor,Single,3417600,1,0,05/12/14,12,5,7,24,19,14,20,4,3,4,6,0,0,IND,0
3321,1968,Doctorate,Couple,5657500,0,2,05/05/13,42,421,5,90,0,16,10,3,7,7,5,0,0,CA,0
3332,1986,Bachelor,Single,2976000,1,0,8/29/12,87,64,4,68,7,5,17,4,3,4,8,0,0,GER,0
3334,1952,Bachelor,Couple,9464200,0,0,02/12/14,35,879,143,797,106,143,143,0,5,9,1,0,0,SP,2
3336,1949,Doctorate,Couple,6637500,0,1,11/21/13,96,712,0,45,0,0,191,3,2,5,7,0,0,AUS,1
3340,1978,Bachelor,Couple,4201400,1,0,8/17/12,56,244,15,108,4,15,50,6,7,6,8,1,0,CA,0
3363,1975,Master,Couple,2013000,0,0,3/17/14,99,0,6,3,7,6,12,1,1,3,8,0,0,SP,0
3376,1971,Master,Single,5528200,1,0,12/13/13,9,125,6,73,8,4,19,1,3,6,4,0,0,SP,0
3381,1954,Master,Couple,5434800,1,1,06/08/14,51,70,0,16,0,0,4,2,2,4,6,0,0,CA,0
3386,1993,Bachelor,Couple,3493500,0,0,6/21/13,71,34,4,66,3,10,20,1,2,4,7,0,0,SP,0
3388,1968,Bachelor,Single,7084400,1,1,10/30/13,16,129,26,67,3,67,2,5,6,5,7,0,0,GER,0
3389,1971,Bachelor,Couple,6901600,0,1,11/22/12,61,726,53,363,123,107,161,4,8,13,5,0,0,SP,0
3403,1959,Doctorate,Couple,7895200,0,1,9/24/12,11,1170,19,594,99,76,134,2,2,12,6,0,0,SP,0
3406,1965,Bachelor,Single,4598900,0,1,10/22/12,97,138,33,87,28,24,12,4,3,7,3,0,0,SA,0
3409,1985,Bachelor,Single,3610800,1,0,10/15/13,68,141,8,129,3,11,47,3,7,4,9,0,0,SA,1
3412,1952,Master,Couple,6738100,0,1,1/15/13,67,815,8,53,11,0,70,4,2,9,7,0,0,SP,1
3421,1969,Master,Single,6384100,0,1,4/21/13,64,635,15,100,20,7,131,1,9,9,6,0,0,AUS,0
3422,1976,Bachelor,Couple,7606800,0,1,11/29/12,67,1115,12,128,33,12,76,1,2,4,6,0,0,GER,2
3426,1976,Bachelor,Single,7030000,1,0,7/15/13,89,1045,61,338,60,46,46,3,5,13,8,0,0,SP,0
3427,1956,Doctorate,Couple,5982100,0,1,04/12/13,11,629,0,70,0,0,35,6,11,7,8,0,0,SA,0
3428,1992,Doctorate,Couple,6868200,0,0,10/06/13,56,919,0,505,99,30,45,1,4,10,2,0,0,SP,0
3433,1956,Master,Couple,7263500,0,0,06/03/13,54,390,22,323,104,35,107,1,6,6,3,0,0,SP,1
3434,1952,Bachelor,Single,8087200,0,0,05/12/14,60,483,72,567,94,12,108,1,4,10,1,0,0,SP,0
3436,1970,Bachelor,Couple,1404500,1,0,1/26/14,24,11,0,5,2,1,1,1,1,3,7,0,0,SP,0
3439,1973,Bachelor,Couple,5672100,1,1,10/31/12,64,157,6,39,6,13,75,5,4,5,6,0,0,SP,0
3445,1957,Bachelor,Single,6071400,0,0,1/17/13,56,216,162,224,101,92,162,2,7,10,5,1,0,SA,0
3463,1976,Doctorate,Couple,6928300,0,1,6/14/14,41,674,62,134,0,26,8,4,7,13,5,0,0,IND,0
3469,1978,Doctorate,Single,3448700,1,1,09/06/12,94,19,18,33,24,1,8,3,3,3,9,0,0,SP,0
3478,1972,Doctorate,Couple,6058500,1,1,6/24/13,17,267,42,309,55,42,21,10,7,9,5,1,0,CA,0
3479,1951,Bachelor,Single,1681300,0,0,7/19/13,49,4,8,11,12,2,13,1,2,3,7,0,0,CA,1
3483,1959,Bachelor,Couple,4819200,0,0,04/06/13,76,1039,43,204,153,58,29,3,2,12,8,1,0,CA,3
3491,1976,Bachelor,Couple,5591400,0,1,4/29/13,32,384,60,364,119,101,232,4,11,8,7,0,0,US,0
3498,1977,Doctorate,Couple,5542400,0,1,11/25/12,6,462,61,184,10,53,107,4,7,9,6,1,0,SP,1
3503,1951,Bachelor,Single,8246000,0,0,12/02/13,78,255,47,573,52,32,15,1,5,6,1,0,0,SA,0
3507,1971,Bachelor,Single,7646700,1,0,8/17/12,44,676,161,426,210,44,58,2,2,5,6,1,0,US,0
3515,1953,Bachelor,Single,6230700,0,1,2/17/14,94,87,13,34,10,6,10,1,4,4,5,0,0,SP,0
3517,1953,Bachelor,Single,4088700,1,1,05/06/13,32,50,4,44,10,10,43,3,3,3,9,1,0,SP,0
3518,1984,Bachelor,Couple,2527100,1,0,12/05/12,45,10,1,18,10,4,7,1,1,2,9,0,0,IND,0
3520,1991,Master,Single,9117200,0,0,3/27/13,94,162,28,818,0,28,56,0,4,7,3,1,0,CA,4
3523,1963,Bachelor,Couple,7507200,0,1,1/23/13,83,583,34,309,0,22,125,2,5,8,3,0,0,SP,0
3524,1972,Master,Single,3976300,1,0,08/04/13,9,80,1,60,4,6,16,2,5,2,9,1,0,SP,0
3525,1971,Bachelor,Couple,3820000,1,1,12/07/12,19,12,0,4,0,0,1,1,1,2,7,0,0,SP,0
3526,1969,Doctorate,Couple,3844300,1,1,1/27/14,58,32,0,5,0,0,1,2,1,3,7,0,0,SP,0
3535,1966,Bachelor,Single,6629400,0,0,3/17/14,68,251,108,334,65,92,117,1,4,5,2,0,0,SP,0
3536,1961,Bachelor,Couple,1974000,0,1,3/24/13,65,7,11,3,10,4,20,2,1,3,5,0,0,IND,0
3537,1982,Bachelor,Couple,3108900,1,0,8/17/12,57,31,3,31,2,8,4,3,3,4,8,0,0,SP,0
3547,1970,Master,Couple,4102100,1,0,12/30/12,12,14,7,9,6,16,12,2,2,3,6,1,0,SA,0
3551,1955,Master,Couple,6003300,0,1,3/29/14,28,62,1,57,19,11,48,2,2,5,2,0,0,SP,0
3559,1989,Master,Couple,1624800,1,0,05/10/14,77,12,11,10,3,12,9,3,2,3,6,0,0,IND,0
3560,1953,Bachelor,Couple,8384400,0,0,05/12/13,57,901,31,345,75,31,191,1,4,11,1,0,0,GER,1
3565,1956,Master,Couple,3845200,1,1,3/30/14,62,56,0,14,0,0,2,3,3,3,7,0,0,SP,0
3570,1970,Doctorate,Couple,4273100,1,0,10/21/13,64,159,2,51,6,2,24,3,4,5,5,0,0,SA,0
3571,1962,Doctorate,Couple,6334200,0,1,10/16/12,48,918,21,118,13,10,21,3,8,5,6,1,0,SP,1
3578,1950,Bachelor,Single,4916000,0,1,10/20/13,29,122,21,43,25,10,15,2,3,6,6,0,0,SP,0
3584,1956,Doctorate,Single,4966700,0,0,8/20/12,35,1181,26,120,17,13,39,2,5,5,8,1,0,CA,1
3594,1974,Master,Couple,5410800,1,1,11/05/12,74,539,6,91,8,6,97,13,8,9,8,0,0,CA,0
3595,1964,Bachelor,Couple,7722600,0,1,2/28/14,29,631,43,239,128,76,21,2,6,12,3,0,0,SP,0
3598,1973,Bachelor,Couple,6271000,0,1,5/23/13,53,441,35,83,7,29,11,4,4,12,4,0,0,SP,0
3599,1971,Bachelor,Couple,6368400,0,1,11/26/12,61,575,80,428,208,93,80,3,8,8,5,0,0,SP,0
3602,1959,Master,Couple,5141200,0,1,12/31/13,42,140,3,29,4,5,14,2,3,4,4,0,0,SP,0
3619,1961,Master,Single,8730500,0,0,9/23/12,19,345,25,501,63,138,80,1,5,8,2,1,0,AUS,1
3623,1977,Bachelor,Couple,2167500,1,0,06/11/14,55,4,0,16,17,4,4,3,4,3,7,0,0,IND,0
3628,1988,High School / Below,Single,1503800,1,0,1/29/13,93,4,8,11,19,12,26,2,2,2,9,0,0,SP,0
3629,1979,Bachelor,Single,3855700,1,0,12/19/12,17,76,3,31,4,4,27,2,3,3,7,0,0,CA,0
3635,1963,Doctorate,Single,5259700,0,1,05/07/14,69,492,0,37,7,0,42,3,6,8,5,0,0,SA,0
3641,1977,Bachelor,Couple,1362400,1,0,1/20/13,93,10,2,15,2,1,6,2,2,3,6,0,0,SP,0
3643,1975,Master,Couple,6320600,0,0,3/20/14,65,750,8,125,11,8,26,1,4,6,2,0,0,CA,1
3645,1973,Doctorate,Single,2721300,1,0,8/30/12,19,19,3,26,10,9,3,3,2,4,8,1,0,SP,0
3657,1987,Bachelor,Single,3914600,1,0,2/14/13,1,94,1,33,13,12,12,3,4,4,8,0,0,SP,0
3661,1996,Master,Single,8061700,0,0,10/12/12,42,594,51,631,72,55,32,1,4,8,2,0,0,IND,0
3665,1978,Master,Couple,2531500,1,0,11/07/13,46,1,9,8,11,3,22,3,3,3,8,0,0,SP,0
3667,1970,Bachelor,Couple,8095200,0,0,2/28/13,20,778,178,689,41,27,44,1,8,11,8,1,0,GER,3
3673,1972,Bachelor,Single,5523900,0,1,7/14/13,59,371,17,238,23,24,106,3,7,11,5,0,0,SA,0
3678,1974,Bachelor,Single,6020800,1,1,10/07/12,13,488,23,71,15,0,59,11,8,7,7,1,0,SP,1
3690,1987,Master,Couple,8014100,0,0,01/11/13,20,1184,102,673,52,40,40,1,7,10,6,1,0,SP,1
3696,1966,Bachelor,Single,3063000,1,1,1/27/14,67,27,1,12,2,0,10,2,2,3,7,0,0,SP,0
3697,1955,Bachelor,Couple,3989800,0,1,02/12/13,20,69,8,26,12,7,12,2,3,4,7,0,0,CA,0
3698,1984,Bachelor,Couple,7868700,0,0,08/09/12,13,817,185,687,145,55,241,1,4,8,2,1,0,SP,1
3706,1979,Bachelor,Single,2864700,1,0,8/21/13,54,19,8,29,0,12,26,1,2,2,7,1,0,SP,1
3710,1985,Doctorate,Single,3968400,1,0,10/12/12,41,19,0,35,6,4,17,2,2,2,7,1,1,SP,0
3711,1945,Master,Couple,8018400,0,0,03/01/14,19,1035,134,670,25,38,0,1,6,10,3,0,0,SP,2
3712,1960,Bachelor,Single,5233200,0,0,8/28/13,63,212,5,33,7,0,2,1,3,6,4,0,0,IND,1
3717,1960,Bachelor,Couple,6118000,0,1,4/23/14,70,403,24,29,6,24,218,2,5,6,3,0,0,SP,1
3722,1973,Bachelor,Single,4450300,1,1,4/16/14,83,31,1,8,0,0,8,2,2,3,6,0,0,SP,0
3725,1962,Doctorate,Single,8486500,0,0,05/09/13,1,1248,16,349,43,16,16,1,2,9,4,1,0,SP,4
3726,1987,Doctorate,Couple,3432000,1,0,2/16/14,66,4,1,9,3,0,0,1,1,2,8,0,0,SA,0
3732,1956,Master,Couple,5275000,0,1,02/04/13,72,393,0,239,90,69,69,6,5,9,4,0,0,CA,0
3745,1989,Master,Couple,2333100,1,0,09/04/12,92,5,36,7,0,10,45,2,3,3,8,0,0,IND,0
3749,1974,Bachelor,Couple,7392600,0,0,03/02/13,54,627,91,597,159,91,15,1,6,12,3,0,0,CA,0
3759,1959,Bachelor,Couple,6519600,0,2,7/25/13,34,743,19,181,12,0,200,2,7,11,5,0,0,SP,1
3762,1987,Doctorate,Single,6986700,0,0,04/02/13,30,196,0,512,33,130,54,1,3,8,1,1,0,SA,1
3766,1960,Master,Single,3305100,0,0,8/16/12,15,100,71,243,108,94,219,3,9,8,9,1,0,SP,0
3767,1969,Bachelor,Couple,6131400,0,1,4/25/13,1,378,0,189,97,172,172,2,5,12,3,0,0,SP,0
3783,1960,Doctorate,Couple,5285400,1,1,3/24/14,43,105,0,10,0,1,0,2,2,4,5,0,0,SA,0
3790,1957,Bachelor,Couple,3463300,2,1,1/23/14,31,8,1,5,0,0,1,1,1,2,6,0,0,SA,0
3798,1969,Bachelor,Couple,4112000,1,1,11/06/13,80,24,2,23,0,8,24,3,2,3,6,0,0,SP,0
3799,1956,Bachelor,Couple,6722500,0,1,11/26/13,4,315,35,322,46,7,143,3,7,11,5,0,0,US,0
3807,1956,Bachelor,Couple,5992500,0,1,11/30/12,83,473,21,176,19,21,56,3,9,9,6,0,0,SP,0
3828,1952,Bachelor,Couple,7110700,0,1,2/17/13,61,533,10,217,198,174,195,2,7,13,4,0,0,SP,0
3829,1980,High School / Below,Couple,2459400,1,0,12/10/13,94,1,3,6,10,0,9,1,1,3,5,0,0,SA,0
3830,1954,Master,Couple,5935400,0,2,4/24/14,59,295,21,78,39,13,13,1,4,7,3,0,0,CA,0
3834,1963,Bachelor,Single,6962700,0,1,3/17/13,35,231,161,215,171,30,53,2,8,11,5,0,0,US,0
3839,1959,High School / Below,Single,1505600,1,1,05/03/13,76,6,12,3,21,6,40,5,2,3,5,0,0,SP,0
3846,1975,Bachelor,Couple,4255700,0,1,8/29/12,98,192,5,53,0,5,15,4,6,4,8,0,0,SP,0
3850,1964,High School / Below,Couple,1491800,0,1,12/07/12,52,3,3,3,15,4,15,1,1,3,6,0,0,IND,0
3852,1962,Master,Couple,7488100,1,1,03/08/13,48,505,72,270,36,27,54,4,9,12,5,0,0,IND,0
3855,1964,Bachelor,Couple,2241900,0,0,4/18/13,74,30,3,47,19,21,42,1,3,2,8,0,0,CA,0
3856,1961,Bachelor,Couple,6338100,0,1,10/05/12,78,571,50,142,33,50,159,4,4,13,2,0,0,SP,0
3859,1948,Doctorate,Couple,7305900,0,1,8/31/13,36,410,112,420,0,82,71,1,9,13,4,0,0,SA,0
3865,1978,Master,Couple,2098100,0,0,4/30/13,14,2,12,10,6,13,30,1,3,2,8,1,0,CA,0
3867,1948,Doctorate,Couple,7305900,0,1,8/31/13,36,410,112,420,0,82,71,1,9,13,4,0,0,SP,0
3870,1979,Master,Couple,6385500,0,0,02/09/13,28,359,35,314,93,116,89,1,7,13,4,0,0,GER,0
3878,1981,Master,Single,3185900,1,0,2/27/14,3,3,4,7,15,8,11,1,1,3,7,0,0,SP,0
3885,1984,Doctorate,Couple,3356900,1,0,10/16/13,10,16,2,18,3,0,24,1,1,2,8,1,0,SP,1
3887,1971,Bachelor,Single,2724200,1,0,11/11/12,2,3,17,26,20,1,39,2,2,3,9,1,0,IND,0
3896,1985,Bachelor,Couple,2725500,1,0,11/07/13,3,22,1,11,0,1,2,1,1,3,7,0,0,SP,0
3900,1973,Bachelor,Couple,6568500,0,1,3/29/14,54,642,14,49,0,7,57,1,9,9,5,0,0,CA,0
3910,1976,Bachelor,Single,8382900,0,0,10/08/13,78,897,161,430,186,161,27,0,4,6,1,1,0,SP,3
3916,1972,Doctorate,Couple,4926900,1,0,8/15/12,92,639,8,166,11,8,58,3,7,12,7,0,0,SP,0
3919,1977,Master,Single,7230900,0,0,03/11/13,64,960,0,883,50,38,0,1,5,8,3,1,0,CA,1
3921,1953,Master,Single,2845700,0,0,10/28/12,96,24,1,108,29,29,14,1,4,4,8,0,0,SP,0
3924,1966,Doctorate,Single,5791200,0,1,3/17/14,34,801,0,80,0,0,35,5,8,12,5,0,0,SA,1
3933,1981,Bachelor,Couple,4401000,1,0,10/13/12,46,186,36,234,86,72,48,6,10,6,9,0,0,SA,0
3934,1967,Bachelor,Couple,6128600,0,1,08/02/13,34,356,0,107,19,9,117,2,7,8,5,0,0,IND,0
3945,1948,Doctorate,Single,6811700,0,1,03/10/13,80,618,44,215,0,17,36,2,11,4,6,1,0,SP,1
3955,1966,Bachelor,Single,486100,0,0,6/22/14,20,2,1,1,1,0,1,0,0,0,14,0,0,SA,0
3967,1972,Doctorate,Couple,7893100,0,0,10/25/13,19,331,197,170,58,152,35,1,2,13,1,0,0,CA,0
3968,1971,Master,Single,6570600,0,0,6/28/13,77,918,10,129,13,0,129,1,11,12,7,1,0,CA,3
3969,1975,Master,Couple,4301800,0,1,11/01/13,46,35,4,17,7,6,64,1,2,2,5,0,0,GER,0
3972,1977,Bachelor,Couple,5020000,1,1,04/03/13,70,266,6,51,8,6,64,6,7,5,8,0,0,SP,0
3979,1984,Doctorate,Single,9068700,0,0,5/22/13,98,982,17,672,23,34,51,1,6,8,2,1,0,SP,1
4001,1947,Doctorate,Couple,6401400,2,1,06/10/14,56,406,0,30,0,0,8,7,8,5,7,0,0,SA,1
4002,1961,Doctorate,Couple,7703700,0,1,10/13/13,3,463,96,333,168,53,10,1,7,12,3,0,0,SP,0
4012,1973,Doctorate,Couple,6222000,0,1,08/11/12,55,799,12,375,16,12,12,5,7,5,6,1,0,GER,0
4023,1971,Bachelor,Couple,2297900,1,0,09/06/12,29,16,17,19,20,21,22,3,3,2,8,1,0,SP,0
4037,1977,Bachelor,Single,3185900,1,0,6/14/13,77,3,1,3,8,0,5,1,1,2,7,0,0,SA,0
4042,1972,Bachelor,Single,4330000,0,1,10/13/12,87,91,3,52,2,1,31,3,4,4,8,1,0,CA,0
4047,1955,Doctorate,Couple,6532400,0,1,01/11/14,0,384,0,102,21,32,5,3,6,9,4,0,0,US,0
4050,1967,Master,Couple,4960500,0,0,6/21/14,65,42,16,29,12,20,8,1,2,4,3,0,0,CA,0
4055,1993,High School / Below,Single,1874600,1,0,5/29/14,41,2,10,11,12,9,20,2,3,3,6,0,0,SP,0
4058,1956,Doctorate,Single,6128400,0,0,10/12/13,76,618,15,106,20,7,45,1,11,8,6,0,0,SP,1
4065,1977,Doctorate,Couple,4954400,1,0,02/12/13,0,308,0,73,0,0,23,2,5,8,7,0,0,SP,0
4066,1979,Master,Single,2128200,1,0,05/11/14,76,1,5,8,4,8,20,2,2,2,6,0,0,SP,0
4070,1970,Doctorate,Couple,9487100,0,2,09/01/12,99,169,24,553,188,0,144,1,8,4,7,1,0,CA,2
4073,1955,Master,Couple,6356400,0,0,1/29/14,0,769,80,252,15,34,65,1,10,7,6,1,0,GER,1
4084,1976,Bachelor,Couple,6093400,0,1,1/17/14,41,224,155,155,192,93,54,2,6,11,4,0,0,CA,0
4086,1960,Bachelor,Couple,1869000,0,0,12/28/12,77,6,1,7,23,4,19,1,1,2,8,0,0,GER,0
4088,1963,Doctorate,Couple,3149700,0,1,12/06/12,22,108,1,28,13,1,4,2,3,4,8,0,0,SP,0
4093,1976,Master,Couple,5325300,1,1,02/11/13,61,216,9,57,20,9,125,7,4,5,5,0,0,CA,0
4094,1962,Bachelor,Couple,6054400,1,1,8/25/12,92,201,2,43,3,5,35,4,5,5,6,0,0,AUS,0
4095,1972,Bachelor,Couple,3715000,1,0,09/11/12,80,167,37,64,49,34,116,8,4,6,7,0,0,US,0
4096,1969,Master,Single,4133500,1,0,12/26/13,24,112,19,21,16,14,5,3,4,4,7,0,0,US,0
4098,1974,Bachelor,Couple,2463900,1,1,1/28/14,3,20,3,16,0,4,1,3,2,4,6,0,0,AUS,0
4099,1973,Bachelor,Couple,3067500,1,0,11/12/12,14,10,2,16,11,2,21,1,1,3,8,0,0,SP,0
4102,1976,Master,Couple,3728400,1,1,3/29/13,46,11,1,2,2,1,6,1,0,3,6,0,0,SP,0
4107,1949,Doctorate,Couple,4668100,0,2,10/08/13,52,269,15,69,15,19,38,2,4,4,5,0,0,SP,0
4114,1965,Master,Couple,7914300,0,0,08/11/12,2,650,37,780,27,167,32,1,6,13,3,0,0,AUS,0
4119,1964,Master,Couple,3862000,0,0,05/11/13,56,112,17,44,34,22,89,1,2,3,3,0,0,GER,0
4120,1976,Master,Single,4951400,1,0,12/17/13,61,88,39,78,58,13,93,2,6,4,7,0,0,IND,0
4122,1976,Bachelor,Couple,7920500,0,0,8/29/12,73,504,23,117,179,28,44,1,6,4,4,1,0,SP,1
4127,1968,Doctorate,Couple,7776600,0,1,2/22/13,97,1004,59,265,115,59,27,2,11,11,6,1,0,SP,1
4128,1963,Doctorate,Couple,5606700,0,1,7/20/13,51,517,12,54,16,6,120,2,7,7,5,0,0,SA,0
4136,1993,High School / Below,Single,750000,1,0,12/03/12,63,10,17,18,8,26,40,4,3,2,9,0,0,SP,0
4137,1949,Bachelor,Couple,7066600,0,0,12/06/13,29,398,40,367,119,122,30,1,7,4,4,0,0,AUS,0
4138,1963,Bachelor,Single,7662400,0,1,5/24/14,68,411,106,147,54,115,66,1,5,7,1,0,0,SP,1
4141,1966,Bachelor,Couple,7161300,0,0,8/21/13,26,426,49,127,111,21,42,1,8,10,4,0,0,US,0
4148,1973,Bachelor,Couple,3898800,1,2,8/20/12,90,164,24,103,12,3,42,7,5,6,8,0,0,SP,0
4149,1949,Doctorate,Couple,7614000,0,0,5/13/14,57,586,66,653,17,0,26,1,5,6,2,0,0,SP,0
4168,1967,Bachelor,Single,3707000,1,1,3/20/13,30,231,7,137,4,15,39,9,5,8,7,1,0,SP,0
4174,1957,Master,Couple,5524900,0,1,4/17/14,81,97,1,19,2,0,11,1,2,4,3,0,0,SP,0
4179,1960,Bachelor,Couple,2422100,0,0,8/20/13,94,8,9,9,2,5,22,1,1,3,4,0,0,SP,0
4184,1951,Doctorate,Couple,5215700,0,1,06/07/14,48,189,2,29,3,2,40,2,3,5,4,0,0,SP,0
4186,1951,Bachelor,Couple,3402600,1,1,08/05/13,11,18,6,15,12,8,17,3,2,3,5,0,0,CA,0
4188,1958,Bachelor,Single,3686400,0,1,8/13/12,53,204,5,39,17,0,89,3,5,4,8,1,0,AUS,0
4198,1966,Bachelor,Couple,2967200,1,1,03/12/13,6,9,1,3,0,4,8,1,0,3,6,0,0,SP,0
4200,1971,Master,Couple,4415900,1,0,6/17/14,85,167,2,62,24,13,7,4,4,6,5,0,0,SA,0
4201,1963,Bachelor,Single,5796700,0,1,03/03/13,39,229,7,137,4,0,91,5,4,8,5,0,0,IND,0
4207,1982,Doctorate,Couple,8717100,0,0,05/01/13,27,1001,44,107,58,44,44,1,6,11,2,0,0,SP,2
4211,1987,High School / Below,Couple,2042500,1,0,10/29/12,5,4,12,5,3,16,17,2,2,3,7,0,0,CA,0
4216,1982,Bachelor,Single,9106500,0,0,2/22/13,33,822,114,108,179,137,114,1,7,9,3,1,0,SP,2
4220,1971,Doctorate,Couple,5989200,0,1,11/02/13,26,73,0,13,0,1,0,1,2,3,3,0,0,CA,0
4227,1969,Master,Couple,3288900,1,1,09/06/13,78,28,0,13,4,2,8,3,2,3,5,0,0,SP,0
4240,1979,Bachelor,Couple,1734500,1,0,11/03/12,79,4,9,16,17,0,12,2,2,2,8,0,0,SP,0
4246,1983,Master,Single,656000,0,0,12/12/13,2,67,11,26,4,3,262,0,1,1,17,0,0,SP,0
4248,1961,Master,Single,9877700,0,0,2/17/14,23,1000,19,711,125,115,38,0,4,9,1,0,0,SP,1
4252,1966,Bachelor,Couple,4437500,0,1,3/23/14,73,213,5,28,7,7,41,1,4,6,5,0,0,SP,0
4259,1987,Master,Single,1948500,2,0,9/24/13,80,6,0,4,0,0,0,1,1,2,7,0,0,IND,0
4261,1947,Doctorate,Single,8280000,0,0,11/24/12,23,1006,22,115,59,68,45,1,7,12,3,1,0,SA,2
4268,1960,Bachelor,Couple,5315400,0,1,06/09/14,50,129,0,21,0,1,7,1,3,4,4,0,0,US,0
4271,1990,Master,Couple,3868300,1,0,10/04/12,80,46,35,69,84,41,66,6,4,6,7,0,0,IND,0
4278,1984,Doctorate,Single,8718800,0,0,06/03/13,73,910,111,724,49,74,55,1,10,6,3,1,0,IND,0
4279,1964,Master,Single,3954800,1,1,3/31/14,87,15,4,10,3,4,18,2,1,3,3,0,0,SP,0
4286,1971,Doctorate,Single,5764200,0,1,01/09/14,24,580,6,58,8,0,27,3,7,6,4,0,0,IND,1
4290,1973,Bachelor,Couple,3046700,1,0,3/19/14,8,1,3,8,2,5,5,1,1,2,7,0,0,CA,0
4297,1970,Bachelor,Couple,2322800,1,0,1/26/14,71,13,2,18,6,1,0,2,2,3,8,0,0,IND,0
4298,1974,Doctorate,Couple,2042700,1,0,3/24/14,63,5,0,4,0,0,1,1,1,2,8,0,0,SP,0
4299,1961,Bachelor,Couple,7097100,0,1,9/21/12,28,1001,17,572,93,125,17,7,11,5,7,1,0,SP,0
4301,1972,Master,Couple,3517800,1,0,01/10/13,10,23,1,13,2,2,18,1,1,2,7,1,0,AUS,1
4303,1958,Doctorate,Couple,683500,0,1,12/08/12,76,107,2,12,2,2,12,0,0,1,20,0,0,CA,0
4310,1945,Bachelor,Couple,8058900,0,0,1/22/14,25,507,93,520,242,40,26,1,5,5,1,1,0,AUS,1
4320,1980,Bachelor,Single,6015200,0,1,3/28/13,6,325,83,300,86,58,91,1,6,12,3,0,0,SP,0
4322,1959,Doctorate,Couple,7786300,0,0,11/27/13,20,881,38,319,16,25,12,1,4,10,2,0,0,SP,0
4324,1990,Bachelor,Couple,4238700,1,0,10/29/12,42,235,0,235,19,4,191,5,8,7,8,0,0,SP,0
4328,1987,Master,Couple,2195500,1,0,09/07/13,81,5,1,7,17,14,11,2,2,3,6,0,0,SP,0
4329,1985,Doctorate,Couple,1898800,1,0,5/23/14,43,6,0,6,2,1,1,2,1,3,7,0,0,AUS,0
4331,1979,Master,Couple,8573800,0,0,1/23/14,41,913,26,376,17,26,13,1,3,11,1,0,0,SP,2
4333,1955,Bachelor,Couple,3214400,1,1,3/23/14,76,41,0,10,0,0,3,4,2,3,7,0,0,IND,1
4338,1984,Bachelor,Single,3906200,1,0,3/25/14,28,23,0,9,0,0,12,1,1,3,4,0,0,SP,1
4339,1971,Doctorate,Couple,6735300,0,1,12/31/13,37,702,17,151,0,8,35,5,5,12,2,0,0,AUS,0
4351,1956,Bachelor,Single,3724400,1,1,4/27/13,90,18,2,10,0,0,25,1,1,2,7,0,0,SP,1
4356,1972,Bachelor,Couple,7181900,0,1,8/28/13,70,1224,28,140,0,14,168,3,3,5,6,0,0,SP,2
4368,1981,Bachelor,Couple,4785000,1,0,12/03/13,72,42,7,43,20,12,10,1,3,4,6,0,0,SP,0
4369,1958,Master,Other,6548700,0,0,01/10/14,48,240,67,500,199,0,163,3,3,6,2,0,0,CA,0
4370,1967,Bachelor,Couple,4348200,2,1,11/13/13,83,18,1,32,6,3,28,3,2,4,6,0,0,IND,0
4376,1961,Master,Single,3221800,0,0,2/15/14,27,10,24,15,13,1,30,1,2,3,7,1,0,SP,1
4377,1972,Bachelor,Couple,5291400,0,1,01/07/13,32,254,10,44,30,10,227,2,7,3,7,0,0,CA,1
4381,1972,Doctorate,Couple,4646300,1,1,8/18/13,56,163,2,40,8,11,11,7,3,6,6,0,0,SP,0
4385,1982,Doctorate,Single,3603800,1,0,5/31/13,82,23,0,15,0,2,7,2,3,3,6,0,0,SP,0
4390,1955,Bachelor,Couple,7531500,0,1,4/15/14,14,459,15,171,142,23,31,2,5,12,2,0,0,SA,0
4391,1969,Master,Single,6384100,0,1,4/21/13,64,635,15,100,20,7,131,1,9,9,6,0,0,SA,0
4394,1966,Doctorate,Couple,8105100,0,0,5/23/14,43,1142,29,249,38,29,14,1,5,12,2,0,0,SP,2
4399,1970,Bachelor,Couple,6869500,0,0,6/25/14,3,458,81,356,106,50,40,1,4,7,2,0,0,CA,0
4405,1957,Master,Couple,6391500,0,2,7/30/13,2,622,7,115,30,0,15,2,6,12,5,0,0,AUS,0
4406,1971,Bachelor,Couple,6741900,0,1,1/16/13,29,846,84,352,91,56,42,4,9,8,5,0,0,CA,0
4415,1962,Bachelor,Couple,1686000,1,1,09/12/12,19,10,4,4,3,3,14,3,1,3,7,0,0,SP,0
4418,1984,Master,Single,8961600,0,0,2/25/13,36,671,47,655,145,111,15,1,7,12,2,1,0,CA,0
4426,1976,Bachelor,Single,5580100,1,1,9/22/13,35,367,4,51,6,4,95,6,7,6,7,0,0,US,1
4427,1996,Master,Single,8325700,0,0,9/18/12,56,536,27,590,38,107,67,1,5,12,6,1,1,SP,2
4432,1977,Bachelor,Single,3161500,1,0,3/16/13,82,2,3,20,6,11,9,2,2,3,7,0,0,SP,0
4436,1977,Bachelor,Single,2018000,0,0,2/20/13,27,18,42,24,15,20,18,1,2,4,7,0,0,SP,0
4437,1963,Bachelor,Couple,6531600,1,1,4/24/13,65,112,6,92,3,9,38,2,3,5,4,0,0,SP,0
4440,1965,Master,Couple,6410000,0,1,09/10/13,93,509,0,27,0,0,10,1,8,6,7,0,0,SA,1
4442,1962,Bachelor,Single,4652400,0,1,04/05/13,70,31,19,35,26,14,52,2,1,5,3,0,0,CA,0
4444,1973,Bachelor,Couple,3002300,1,0,3/24/14,28,11,0,16,7,6,21,1,2,3,8,0,0,SP,0
4452,1958,Bachelor,Single,5038800,0,1,5/28/14,3,292,6,37,0,3,34,4,6,6,7,1,0,GER,2
4459,1990,Bachelor,Single,3027900,1,0,12/30/12,13,10,4,14,4,4,1,1,1,3,8,0,0,SP,0
4470,1963,Master,Couple,5864600,0,1,06/10/13,3,62,1,44,6,5,22,1,2,4,4,0,0,SP,0
4472,1971,Doctorate,Single,3568200,1,0,6/27/14,34,23,0,8,6,2,18,1,1,3,2,0,0,AUS,0
4475,1950,Doctorate,Couple,6909800,0,0,2/16/13,82,1315,22,780,145,0,178,1,7,9,5,0,0,SP,0
4477,1959,Bachelor,Couple,6909600,0,1,9/27/13,4,247,49,159,7,82,109,1,5,10,4,0,0,GER,0
4478,1980,Bachelor,Couple,6377700,1,1,3/24/13,87,457,5,106,15,17,53,8,11,6,8,0,0,IND,0
4480,1974,Master,Couple,6043200,0,1,03/09/14,61,365,3,15,4,3,11,5,7,5,6,0,0,SA,0
4483,1994,Bachelor,Single,7235400,0,0,4/17/13,67,315,26,473,220,12,182,1,2,6,1,0,0,SA,0
4487,1970,Master,Single,3985800,1,0,1/24/13,67,15,20,25,2,7,26,1,2,4,6,1,0,SA,0
4491,1950,Master,Couple,6284500,1,1,10/01/12,3,1099,0,45,0,0,34,11,3,10,8,0,0,SP,1
4500,1992,Doctorate,Couple,6868200,0,0,10/06/13,56,919,0,505,99,30,45,1,4,10,2,0,0,SP,0
4501,1966,Master,Single,6988200,0,0,11/10/13,94,292,127,635,132,127,165,1,3,9,1,0,0,SP,0
4507,1953,Bachelor,Single,7222800,0,0,11/27/12,87,631,28,491,30,14,56,1,6,8,3,0,0,SP,0
4508,1953,Bachelor,Single,7512700,0,0,5/22/14,92,203,35,305,46,17,227,1,2,5,1,0,0,GER,0
4518,1980,Bachelor,Couple,8569300,0,1,4/20/13,59,386,172,183,185,132,111,2,9,11,5,0,0,CA,0
4530,1949,Master,Single,7842700,0,0,10/24/12,36,972,19,595,180,26,138,3,3,10,3,1,0,GER,1
4541,1956,Bachelor,Couple,3894600,0,1,10/24/13,84,116,6,82,6,6,41,2,3,6,5,0,0,CA,0
4543,1981,Bachelor,Couple,8249700,0,0,10/31/12,32,777,129,573,216,21,203,1,2,9,4,0,0,SA,1
4547,1961,Bachelor,Couple,1367200,1,1,4/17/13,86,6,2,9,2,1,5,2,1,3,8,0,0,SP,0
4548,1982,Bachelor,Single,4196700,1,1,11/23/13,66,23,4,10,0,2,15,1,1,3,4,0,0,CA,0
4550,1967,Master,Couple,3356400,0,1,6/24/14,51,61,0,3,0,0,7,1,1,3,5,0,0,SP,0
4552,1992,Bachelor,Couple,5137300,0,0,6/22/13,37,83,2,101,64,26,117,1,3,3,4,0,0,SP,0
4554,1966,Bachelor,Couple,4700900,0,1,10/01/13,89,171,45,73,59,10,90,4,3,8,4,0,0,SP,0
4557,1971,Bachelor,Couple,2207000,1,0,10/04/13,11,10,7,19,8,2,21,2,2,2,6,0,0,SA,0
4580,1970,Bachelor,Couple,7575900,0,0,10/25/13,46,1394,22,708,89,91,182,1,9,9,5,1,0,SA,3
4587,1945,Master,Single,4500600,0,0,7/18/13,90,162,25,53,16,0,10,1,3,7,3,0,0,SP,0
4597,1971,Doctorate,Couple,8207200,0,0,07/02/13,67,889,55,685,168,92,129,1,3,13,1,0,0,SA,0
4599,1977,Master,Couple,4968100,0,2,11/04/13,66,411,0,26,0,0,21,6,7,7,7,0,0,CA,0
4603,1961,Doctorate,Couple,6569500,0,1,1/31/14,50,371,32,189,0,58,6,2,5,10,4,0,0,SP,0
4607,1960,Bachelor,Couple,7136700,0,0,8/23/13,24,227,23,389,42,21,75,1,4,7,2,0,0,SP,0
4608,1988,Bachelor,Single,8136100,0,0,2/25/14,18,163,23,424,27,65,76,1,3,13,1,1,0,SA,0
4609,1967,Doctorate,Couple,5770500,0,1,01/11/14,14,383,0,53,6,4,40,3,8,6,6,0,0,SP,0
4611,1971,Bachelor,Couple,10547100,0,0,1/21/13,36,1009,181,104,202,21,207,0,9,13,3,1,0,SP,2
4619,1946,Doctorate,Single,11373400,0,0,5/28/14,9,6,2,3,1,262,3,0,27,0,1,0,0,SP,0
4637,1955,Doctorate,Single,7463700,0,0,5/18/13,73,960,64,464,146,0,16,1,6,9,3,0,0,SA,1
4640,1968,Bachelor,Single,7064700,0,1,9/21/12,65,561,85,171,25,123,114,2,4,13,2,0,0,SA,0
4643,1974,Bachelor,Couple,2780300,1,0,8/26/12,40,8,26,46,38,9,49,2,3,4,8,0,0,AUS,0
4646,1952,Master,Couple,7849700,0,0,12/01/13,44,207,26,447,75,0,223,1,5,12,2,0,0,CA,1
4653,1979,Bachelor,Couple,4201100,1,0,3/26/13,46,131,0,16,2,1,39,4,3,4,8,0,0,SA,0
4654,1993,Bachelor,Couple,7511400,0,0,11/07/13,40,571,12,523,63,60,24,1,3,5,2,0,0,SA,0
4656,1991,Master,Single,5125000,1,0,3/30/13,28,342,32,230,34,32,40,5,10,4,9,0,0,SA,1
4669,1982,High School / Below,Couple,2448000,1,0,02/11/13,46,4,19,9,28,25,17,3,3,4,7,0,0,SA,0
4673,1964,Doctorate,Couple,8130000,0,1,10/30/12,17,1004,12,145,32,12,36,3,10,5,5,1,0,SP,1
4676,1952,Master,Single,7370500,0,2,03/05/14,86,612,91,520,258,107,107,2,9,8,5,0,0,SP,0
4679,1978,Master,Couple,7871000,0,1,5/23/14,42,721,0,152,119,50,50,3,7,12,4,0,0,SP,0
4682,1959,Bachelor,Couple,5187600,0,0,10/15/13,88,99,27,102,28,48,6,1,2,8,1,0,0,GER,0
4686,1963,Doctorate,Single,8257100,0,0,04/02/14,28,861,31,558,62,95,79,0,6,13,2,0,0,SP,1
4687,1959,Master,Couple,8073900,0,0,5/23/13,92,674,92,736,39,0,92,1,3,9,1,0,0,SP,0
4690,1954,Bachelor,Couple,5072500,0,1,2/13/13,45,443,10,75,0,10,48,4,8,8,8,0,0,CA,0
4692,1977,Bachelor,Couple,750000,1,0,08/01/12,19,7,0,12,13,7,32,5,4,2,9,1,0,AUS,1
4697,1950,Master,Single,3541600,0,0,6/13/13,62,248,3,81,4,3,51,3,7,5,8,0,0,SA,0
4698,1984,Doctorate,Couple,5015000,0,0,6/20/13,32,135,46,92,65,61,11,2,5,7,5,0,0,SP,0
4702,1965,Bachelor,Single,6183900,0,0,08/12/12,20,1000,155,379,224,17,120,1,4,4,8,0,0,SP,0
4706,1967,Bachelor,Single,3470400,0,1,4/27/13,65,29,0,5,0,1,5,1,1,3,5,0,0,CA,0
4712,1992,Master,Couple,2019300,0,0,11/28/12,18,8,8,22,24,11,9,1,1,4,4,0,0,SP,0
4713,1980,Doctorate,Couple,3160500,1,0,11/22/12,15,74,0,42,2,1,6,2,2,4,7,0,0,SP,0
4725,1951,Doctorate,Couple,5061600,0,1,4/13/14,71,30,2,25,0,1,9,1,1,4,2,0,0,SP,0
4741,1975,Master,Couple,6546300,1,0,1/30/14,17,391,32,70,21,32,16,2,6,9,5,0,0,SP,1
4743,1970,Doctorate,Couple,5624200,0,1,03/03/13,72,689,8,167,11,8,88,5,8,11,6,0,0,US,0
4749,1969,Bachelor,Couple,5855400,1,1,9/26/12,55,368,24,68,38,0,88,6,8,6,7,0,0,IND,0
4754,1967,Master,Couple,3358500,0,1,9/25/13,91,30,11,33,13,6,29,1,2,4,4,0,0,SP,0
4756,1953,Master,Single,6399800,0,0,12/20/13,42,176,29,818,0,33,112,1,7,11,4,1,0,SP,0
4764,1953,Master,Couple,4044200,1,1,8/19/12,52,45,12,52,25,22,13,4,3,4,7,1,0,SA,0
4767,1966,Master,Couple,7092400,0,0,04/07/14,41,635,114,254,132,152,76,1,6,7,3,0,0,SP,1
4769,1978,Master,Couple,5795400,1,1,6/18/14,52,456,4,24,0,0,9,7,8,6,7,0,0,SP,1
4785,1971,Doctorate,Couple,7762200,0,2,4/14/14,3,520,7,154,19,0,14,2,6,11,3,0,0,SA,0
4786,1978,Bachelor,Couple,7533000,1,1,10/04/12,94,555,82,257,93,61,61,4,10,12,6,0,0,US,0
4789,1954,Bachelor,Couple,8081200,0,0,9/17/13,95,769,22,500,210,143,33,1,4,5,2,0,0,IND,3
4790,1959,Bachelor,Single,7980300,0,1,06/02/14,54,574,8,216,21,16,33,1,4,5,1,0,0,SP,0
4791,1981,Bachelor,Couple,4496400,1,1,12/16/12,35,19,1,17,2,0,2,1,1,3,8,0,0,AUS,0
4796,1953,Bachelor,Single,4963800,0,1,4/19/14,71,18,10,3,3,5,0,1,1,3,2,0,0,SP,0
4808,1957,Bachelor,Couple,1575900,0,0,09/05/13,12,1,2,5,6,0,3,1,1,2,7,0,0,SP,0
4817,1957,Bachelor,Single,2230400,0,0,08/04/12,91,3,2,7,0,4,2,1,1,2,8,0,0,SP,0
4827,1957,Doctorate,Single,5499800,0,1,03/10/13,3,154,22,202,39,30,8,5,4,9,4,1,0,SP,0
4828,1955,Bachelor,Single,7986500,0,1,6/18/14,12,71,99,278,185,121,38,1,5,5,1,0,0,SA,0
4832,1980,Bachelor,Couple,2724400,1,0,03/07/14,84,6,5,17,3,24,46,2,2,2,7,0,0,SP,0
4837,1966,Doctorate,Couple,7132200,0,1,2/16/13,57,753,43,226,69,10,204,2,8,13,4,0,0,SP,0
4838,1979,Bachelor,Couple,2277500,1,0,6/19/13,40,5,1,8,0,0,1,1,1,2,8,0,0,IND,0
4843,1953,Bachelor,Single,7512700,0,0,5/22/14,92,203,35,305,46,17,227,1,2,5,1,0,0,SA,0
4855,1975,Doctorate,Couple,3035100,1,0,06/06/13,19,14,0,24,3,3,2,1,3,2,9,1,0,US,0
4856,1958,Master,Couple,8234700,0,0,11/06/12,38,556,54,845,202,133,63,1,7,10,3,0,0,IND,2
4860,1971,Bachelor,Single,2420600,1,0,03/08/13,66,7,2,8,3,2,3,1,1,3,6,0,0,SP,0
4864,1978,Bachelor,Couple,3438000,1,0,05/02/13,68,72,7,58,13,1,24,4,4,3,8,0,0,CA,0
4865,1975,Master,Single,5336700,1,1,8/31/13,2,229,7,140,10,3,11,7,5,8,7,1,0,AUS,0
4867,1969,Doctorate,Single,3823600,1,1,9/20/13,2,58,0,18,2,0,10,4,3,4,7,0,0,SP,0
4877,1974,Master,Couple,3857600,0,1,03/04/14,2,34,0,7,0,0,0,1,1,3,7,0,0,IND,0
4887,1977,Doctorate,Single,5541200,1,1,11/22/13,65,10,5,28,11,1,8,1,2,3,5,0,0,CA,0
4910,1968,Bachelor,Single,6874300,0,0,8/30/12,81,1132,134,384,175,134,115,1,11,13,7,0,0,US,0
4915,1957,Master,Couple,5323000,0,1,08/03/12,86,176,72,98,136,21,229,4,5,12,5,0,0,GER,0
4927,1972,Bachelor,Couple,1662600,2,0,1/15/14,76,8,3,22,21,1,13,3,3,3,9,0,0,SA,0
4931,1978,Bachelor,Couple,15714600,0,0,4/29/13,13,1,0,1725,2,1,1,0,0,0,1,0,0,SA,0
4937,1974,Master,Couple,4609400,1,1,06/10/14,62,12,2,20,3,2,5,1,1,3,7,0,0,SP,0
4939,1947,Bachelor,Couple,3776000,0,0,8/31/12,20,84,5,38,150,12,28,2,4,6,7,0,0,US,0
4943,1954,Bachelor,Couple,7050300,0,0,9/30/12,73,1379,33,216,0,33,66,1,2,9,6,0,0,SP,2
4944,1960,Bachelor,Couple,7136700,0,0,8/23/13,24,227,23,389,42,21,75,1,4,7,2,0,0,SP,0
4945,1954,Bachelor,Single,5365300,0,0,11/07/12,29,815,10,239,28,10,108,2,10,12,6,0,0,SP,0
4947,1967,Master,Single,8957200,0,0,9/15/12,44,606,24,974,197,194,64,1,7,9,4,1,0,SP,2
4954,1957,Bachelor,Couple,4819500,1,1,1/21/14,53,106,27,68,52,7,5,6,4,5,6,0,0,SP,0
4961,1975,Master,Couple,2125500,1,0,1/21/14,56,29,0,25,2,2,3,4,2,4,4,0,0,SP,0
4964,1959,Doctorate,Couple,7425000,0,0,1/26/14,90,680,11,392,75,0,0,1,2,4,1,0,0,CA,0
4967,1961,Doctorate,Couple,3820100,0,1,3/29/13,19,233,0,23,0,0,12,4,5,5,8,0,0,SA,0
4971,1963,Doctorate,Couple,3149700,0,1,12/06/12,22,108,1,28,13,1,4,2,3,4,8,0,0,SA,0
4973,1971,Bachelor,Single,2058700,1,0,05/11/14,39,2,3,6,4,1,9,1,1,2,7,0,0,CA,0
4974,1971,Bachelor,Single,8327300,1,2,9/25/12,98,433,89,650,16,102,102,10,4,9,7,0,0,US,0
4988,1949,Doctorate,Couple,3446900,1,1,05/04/14,58,19,6,20,0,5,12,3,1,4,4,0,0,SA,0
4990,1955,Bachelor,Couple,5911100,0,0,05/02/13,90,524,0,134,28,28,155,1,11,8,7,0,0,AUS,0
4992,1976,Master,Couple,1745900,1,0,9/19/13,12,6,4,16,3,10,30,3,3,2,7,1,0,SP,0
4994,1944,Master,Single,7759800,0,0,10/01/13,53,1193,33,281,129,66,33,1,7,13,3,0,0,SP,1
4998,1963,Bachelor,Couple,7608100,0,0,5/23/14,85,292,30,415,63,33,200,1,4,4,2,0,0,SP,1
5010,1989,Bachelor,Single,2500800,1,0,02/02/14,72,2,8,8,6,1,9,2,1,3,8,0,0,SP,0
5011,1964,Bachelor,Single,6811800,0,1,10/18/13,51,595,23,123,10,23,154,2,8,4,6,0,0,SP,0
5012,1990,Bachelor,Couple,2869100,1,0,07/04/13,56,5,4,13,8,0,4,1,1,3,8,0,0,SP,0
5015,1977,Master,Couple,3452900,1,0,9/14/12,94,68,6,38,3,6,41,2,2,3,7,0,0,SP,0
5025,1980,Bachelor,Single,4852600,1,0,12/24/13,32,23,17,23,43,20,9,1,2,4,3,0,0,SP,0
5029,1947,Bachelor,Couple,1810000,0,0,08/06/13,14,3,1,2,4,3,1,1,0,3,5,0,0,SP,0
5031,1975,Bachelor,Couple,8314500,0,0,9/22/12,14,777,35,731,39,137,114,1,5,11,2,1,0,SP,1
5036,1985,Doctorate,Single,4271000,1,0,11/28/12,38,252,3,42,4,3,102,2,4,3,6,0,0,SP,0
5043,1952,High School / Below,Couple,2699700,0,0,11/05/12,89,7,23,78,133,49,144,2,4,5,7,0,0,SP,0
5046,1959,Bachelor,Single,7833100,0,1,1/23/14,97,756,138,354,160,169,61,2,10,7,4,0,0,SA,0
5048,1972,Doctorate,Single,4276700,2,0,05/11/13,53,20,6,43,19,5,38,1,3,2,8,0,0,SA,0
5049,1975,Doctorate,Couple,3035100,1,0,06/06/13,19,14,0,24,3,3,2,1,3,2,9,0,0,SP,0
5057,1962,Master,Couple,6179400,0,1,9/14/13,74,264,47,188,54,47,11,2,4,10,2,0,0,SP,0
5062,1964,Doctorate,Couple,5407200,1,1,7/27/13,71,35,0,4,0,0,0,1,2,2,8,0,0,SA,0
5063,1978,Bachelor,Single,2876900,1,0,12/18/12,76,41,5,129,10,3,3,3,4,4,9,0,0,SP,0
5067,1995,Bachelor,Couple,8013400,0,0,2/14/14,11,966,26,282,52,26,26,1,2,11,5,0,0,SP,4
5068,1972,Bachelor,Single,2280400,1,0,7/31/13,75,14,1,7,2,1,1,1,2,2,9,0,0,SP,0
5074,1987,Master,Couple,2807200,1,0,07/08/13,10,30,0,10,2,0,5,1,1,3,7,0,0,CA,0
5077,1980,Bachelor,Couple,7729800,0,1,11/02/13,46,425,115,292,23,35,79,1,6,11,3,0,0,CA,0
5080,1994,Bachelor,Single,7051500,0,0,10/21/13,12,420,0,452,182,64,140,1,6,4,2,1,0,ME,0
5081,1968,Master,Couple,4782100,1,1,10/20/13,54,9,0,16,6,6,10,1,1,3,8,0,0,SP,0
5084,1976,Bachelor,Single,5833000,0,1,12/25/13,87,445,53,213,104,98,151,1,6,13,4,0,0,SP,0
5092,1950,Doctorate,Single,5156900,0,1,02/12/13,39,380,0,47,6,0,34,4,7,7,8,1,0,SP,1
5093,1975,Doctorate,Single,2550900,1,0,9/18/12,15,40,3,30,10,7,11,3,3,3,9,1,0,SP,0
5107,1974,Doctorate,Single,3586000,1,1,5/19/14,37,15,0,8,4,2,20,2,1,2,5,0,0,SP,1
5113,1972,Doctorate,Single,8697900,0,0,11/07/13,67,584,100,835,65,83,35,1,5,5,2,1,0,SP,1
5114,1966,Master,Couple,7480600,0,1,12/19/12,1,670,9,249,0,28,9,2,5,5,4,0,0,AUS,0
5117,1964,Master,Couple,3263200,0,0,08/02/12,32,63,151,137,153,19,53,2,4,8,5,0,0,SP,0
5120,1983,Master,Couple,6666400,0,0,9/25/12,78,398,96,447,220,96,32,1,5,6,3,0,0,SA,0
5121,1978,Bachelor,Single,5662800,0,1,3/21/14,30,479,5,82,7,17,171,2,7,5,5,0,0,CA,1
5123,1952,Master,Couple,2745000,0,0,4/15/13,57,37,12,23,8,11,52,1,2,3,7,0,0,SP,0
5125,1961,Bachelor,Couple,7953000,0,0,5/17/13,64,333,0,815,129,42,29,1,4,11,2,0,0,SP,0
5136,1974,Bachelor,Single,6533300,0,1,1/17/14,58,654,7,92,0,15,30,7,9,8,6,0,0,CA,2
5138,1951,Bachelor,Couple,2832000,0,1,1/14/13,68,19,1,14,3,2,4,1,1,3,8,0,0,SP,0
5140,1986,Doctorate,Couple,6435500,1,0,8/24/12,66,1047,0,140,67,38,153,2,4,12,8,0,0,SP,0
5147,1949,Bachelor,Single,9084200,0,0,7/29/13,57,774,70,118,182,187,93,1,4,13,1,0,0,SP,0
5150,1980,High School / Below,Single,2019400,1,0,12/17/12,64,0,4,7,11,10,15,2,2,3,6,0,0,SP,0
5153,1968,Doctorate,Couple,7776600,0,1,2/22/13,97,1004,59,265,115,59,27,2,11,11,6,1,0,SP,1
5154,1973,Master,Single,3776000,1,0,08/11/13,54,26,3,13,2,10,0,1,2,3,6,0,0,SP,0
5156,1971,Master,Couple,6246600,0,1,1/15/14,13,129,129,259,168,121,83,5,6,12,4,0,0,SP,0
5172,1977,Master,Couple,6510400,0,1,11/14/13,4,738,0,232,13,20,50,2,3,7,7,0,0,SP,0
5176,1989,Bachelor,Couple,2960400,1,0,12/08/13,88,7,6,13,7,6,14,1,1,3,9,0,0,SA,1
5177,1975,Master,Couple,5849400,0,1,12/12/13,56,298,7,68,4,0,19,2,6,6,6,0,0,SA,0
5180,1969,Doctorate,Single,5061600,0,1,4/18/14,56,128,0,16,0,1,4,2,4,4,7,0,0,SP,0
5181,1983,High School / Below,Single,2436700,1,0,3/20/13,58,2,4,2,0,11,5,1,1,2,9,0,0,SP,0
5184,1996,Bachelor,Single,3482400,0,0,3/26/14,65,4,2,11,2,0,4,1,1,2,6,0,0,SP,0
5185,1956,Bachelor,Couple,7426800,0,0,2/14/13,83,199,66,315,97,174,41,1,4,5,2,0,0,SA,0
5186,1956,Doctorate,Couple,5848200,0,1,03/12/14,59,576,7,115,19,7,7,2,7,9,6,0,0,CA,1
5204,1972,Bachelor,Couple,7453800,0,0,6/29/13,21,380,98,733,110,112,28,1,8,5,3,1,0,SP,1
5207,1964,Doctorate,Couple,5337800,1,1,9/24/12,41,489,6,152,8,6,132,10,9,6,8,1,0,SP,0
5209,1955,Bachelor,Single,5000200,0,1,6/17/13,21,443,5,71,21,16,82,2,8,7,7,0,0,SA,0
5221,1958,Bachelor,Couple,5285200,0,1,12/01/12,93,714,8,99,11,0,47,4,10,5,8,0,0,GER,1
5223,1967,Master,Couple,4590300,0,1,4/23/14,80,33,8,10,2,10,3,2,2,3,4,0,0,SA,0
5229,1970,Doctorate,Couple,5413200,0,1,2/16/14,81,30,1,8,0,0,3,1,1,3,7,0,0,GER,0
5231,1975,Master,Couple,4589400,0,2,2/27/14,15,27,2,7,0,2,13,1,1,3,5,0,0,SP,0
5232,1966,Bachelor,Couple,6913900,0,1,1/27/14,23,86,12,75,33,15,6,1,4,5,4,0,0,SP,0
5234,1968,Master,Couple,3075300,1,1,07/11/13,85,12,5,25,0,9,30,2,1,3,5,0,0,CA,0
5236,1980,Bachelor,Couple,7756800,0,1,8/25/12,30,1230,0,396,232,178,158,1,10,8,5,0,0,SP,3
5237,1951,Doctorate,Single,4876700,1,2,01/01/14,79,28,1,21,3,0,10,3,2,3,5,0,0,AUS,0
5247,1956,Doctorate,Couple,3872500,1,1,05/10/14,52,31,0,6,2,1,5,2,1,4,4,0,0,SP,0
5252,1970,Bachelor,Single,2391000,1,0,10/26/12,80,16,12,18,7,1,13,1,2,3,7,0,0,SP,0
5253,1957,Master,Couple,5460300,1,1,07/09/13,85,145,13,46,17,2,4,6,4,4,7,0,0,SP,0
5263,1978,Master,Couple,3105600,1,0,1/22/13,99,5,10,13,3,8,16,1,1,3,8,0,0,SP,0
5267,1971,Bachelor,Single,3398600,1,0,3/14/13,43,16,2,18,2,1,5,1,1,3,7,0,0,SP,0
5268,1961,Bachelor,Couple,2944000,1,1,08/11/13,95,17,8,14,10,4,3,2,1,4,7,0,0,GER,0
5272,1966,Master,Couple,5384300,0,1,6/27/13,64,378,0,88,19,4,73,4,8,3,7,0,0,SA,0
5278,1965,Bachelor,Couple,8222400,0,0,1/25/14,83,307,26,360,138,31,40,1,6,5,3,0,0,GER,1
5283,1977,Doctorate,Single,4247300,1,1,2/17/14,72,93,1,21,0,4,25,3,2,4,5,0,0,SP,0
5286,1988,Master,Single,4102000,0,0,10/28/13,68,112,1,54,7,7,36,1,3,4,3,0,0,CA,0
5287,1974,Bachelor,Couple,3496100,1,0,6/19/14,77,45,2,26,4,1,1,3,3,3,7,0,0,SP,0
5289,1976,Master,Single,4165800,1,1,11/09/12,30,8,4,12,15,4,29,2,1,2,4,0,0,AUS,0
5290,1965,Doctorate,Couple,4155100,1,1,8/14/13,51,220,0,33,3,0,23,5,5,5,8,0,0,CA,0
5294,1990,Bachelor,Single,1835800,1,0,11/20/13,49,6,8,19,16,4,4,3,3,4,7,0,0,SP,0
5299,1971,Doctorate,Couple,6908400,1,0,11/19/13,43,1181,107,199,39,30,30,2,7,13,8,0,0,SP,0
5300,1974,Master,Couple,3896100,1,0,12/30/13,60,19,7,19,0,1,24,1,2,2,7,0,0,SP,0
5302,1987,Bachelor,Couple,7839400,0,0,2/15/13,13,298,27,697,216,24,166,1,4,5,2,1,0,SP,0
5303,1975,Doctorate,Couple,7963200,0,0,04/08/14,42,471,0,510,99,21,12,1,6,9,2,0,0,SA,0
5304,1975,Doctorate,Single,3089900,1,0,10/13/12,35,24,0,8,0,0,1,2,1,3,6,0,0,SA,0
5313,1972,Master,Couple,3819600,1,1,4/18/14,20,30,0,11,0,0,3,3,2,4,5,0,0,SP,0
5314,1952,Bachelor,Couple,4068900,0,1,3/18/13,69,270,3,27,39,6,99,7,7,5,8,0,0,SP,0
5316,1977,Master,Couple,2102400,0,0,07/04/13,89,36,4,18,6,2,18,1,2,4,7,0,0,SP,0
5320,1974,Master,Single,4405100,1,1,1/29/13,20,79,7,58,6,3,18,4,3,4,6,1,0,SA,0
5324,1982,Doctorate,Couple,5829300,1,0,1/19/14,94,173,43,118,46,27,15,5,5,6,5,0,0,US,0
5329,1950,Doctorate,Single,3594600,1,1,9/27/13,24,8,0,3,0,0,0,1,0,3,5,0,0,AUS,0
5331,1978,Bachelor,Couple,7498500,0,0,09/11/12,8,587,51,898,247,0,86,1,3,7,2,0,0,GER,0
5332,1961,Master,Couple,8250400,0,0,7/27/13,2,362,50,431,134,35,54,1,3,7,1,0,0,IND,0
5336,1972,Master,Couple,15773300,1,0,06/04/13,37,39,1,9,2,0,8,0,1,1,1,0,0,SP,0
5341,1963,Master,Single,8197500,0,1,01/05/13,2,983,76,184,180,138,27,1,6,4,7,0,0,SA,1
5342,1977,High School / Below,Single,954800,1,0,08/08/12,31,0,1,3,10,6,9,2,1,3,8,0,0,CA,0
5346,1974,Master,Couple,2355900,1,0,07/03/13,87,25,5,19,7,0,23,3,3,3,7,0,0,GER,0
5350,1992,Master,Single,9063800,0,0,2/13/14,29,1156,120,915,94,144,96,1,3,10,1,1,0,SA,1
5370,1974,Doctorate,Couple,3264400,1,0,1/16/13,38,239,3,141,0,7,23,4,7,6,8,0,0,SP,1
5371,1990,Bachelor,Single,2147400,1,0,04/08/14,0,6,16,24,11,0,34,2,3,2,7,1,0,SP,1
5376,1980,Bachelor,Couple,244700,1,0,01/06/13,42,1,1,1725,1,1,1,15,0,0,1,0,0,US,0
5386,1954,Bachelor,Couple,9438400,0,0,03/04/13,62,1111,24,790,160,45,172,0,5,5,2,1,0,SA,3
5389,1965,Bachelor,Couple,4892000,0,2,10/20/13,93,238,17,68,8,10,6,3,6,5,7,0,0,SP,1
5393,1978,Bachelor,Single,2376300,1,0,08/07/12,64,22,0,6,6,2,6,1,1,3,7,0,0,SP,0
5394,1980,High School / Below,Single,1601400,1,1,3/17/13,42,3,9,4,7,8,7,4,1,4,3,0,0,SP,0
5396,1989,Bachelor,Couple,6848700,0,0,1/13/13,48,758,12,385,33,89,89,1,9,13,4,0,0,AUS,0
5407,1955,Bachelor,Couple,5310300,0,1,09/12/13,70,729,17,133,11,0,195,5,10,7,7,0,0,SA,1
5423,1984,Bachelor,Couple,2835900,1,0,10/27/13,35,6,0,5,2,1,2,1,1,2,7,0,0,SA,0
5424,1984,Bachelor,Couple,3992200,1,0,2/14/13,30,29,12,59,19,1,36,2,3,4,8,0,0,SA,0
5429,1949,Doctorate,Couple,4557900,0,1,8/20/13,10,145,1,33,2,1,1,1,4,4,6,0,0,SP,0
5430,1957,Bachelor,Couple,5445000,1,1,9/14/12,0,454,0,171,8,19,32,12,9,8,8,0,0,SP,0
5441,1966,Doctorate,Single,5411100,0,1,8/25/13,97,267,6,54,8,3,50,2,5,6,5,0,0,SP,0
5453,1957,Master,Couple,9022600,0,0,9/26/12,26,1083,108,649,253,151,108,1,4,12,2,0,0,SA,1
5454,1980,Master,Couple,4505700,1,0,12/01/13,80,37,0,7,3,0,3,1,2,3,5,0,0,US,0
5455,1972,Doctorate,Couple,3201100,1,0,8/22/13,89,99,0,15,2,1,5,3,2,4,7,0,0,SP,0
5462,1975,Bachelor,Couple,6744500,0,1,08/12/12,63,757,80,217,29,80,11,5,9,12,6,0,0,IND,0
5474,1971,Bachelor,Single,4302000,1,0,11/30/13,79,45,7,99,4,25,43,3,4,4,6,0,0,US,0
5491,1952,Master,Couple,4735200,0,1,04/11/13,70,172,12,112,8,0,15,4,6,5,7,0,0,AUS,0
5493,1977,Bachelor,Couple,3935600,1,1,3/19/14,21,15,0,2,0,0,6,1,1,2,6,0,0,SP,1
5510,1978,Master,Couple,4326300,0,1,11/21/12,2,262,6,61,0,10,102,3,5,6,5,0,0,SP,0
5512,1978,Master,Couple,5584200,0,1,5/23/14,19,451,0,39,0,4,24,1,7,8,5,0,0,SP,0
5513,1967,Bachelor,Couple,3775800,1,1,10/04/12,49,27,2,10,0,0,1,2,1,3,8,0,0,SP,0
5517,1970,Bachelor,Couple,2529300,1,0,9/15/13,51,15,0,11,0,2,9,1,1,2,8,0,0,AUS,0
5519,1957,Bachelor,Couple,6409000,0,1,08/07/13,8,316,58,161,76,51,135,1,6,4,5,1,0,SA,0
5524,1958,Bachelor,Single,5813800,0,0,09/04/12,58,635,88,546,172,88,88,3,8,4,7,1,0,US,0
5527,1988,Bachelor,Couple,2243400,1,0,2/13/13,25,4,12,11,3,13,15,2,2,3,8,0,0,SP,0
5529,1947,Doctorate,Couple,6401400,2,1,06/10/14,56,406,0,30,0,0,8,7,8,5,7,0,0,CA,1
5534,1976,Master,Couple,4780800,0,1,10/20/13,30,123,1,26,2,0,72,2,3,3,7,0,0,SP,1
5536,1960,Bachelor,Couple,8777100,0,1,5/22/13,61,1492,38,287,50,57,33,1,5,4,6,1,0,CA,4
5538,1976,Bachelor,Single,8382900,0,0,10/08/13,78,897,161,430,186,161,27,0,4,6,1,1,0,SP,3
5543,1967,Bachelor,Couple,5781100,0,1,6/24/13,49,545,7,114,37,21,78,5,7,11,5,0,0,SP,1
5544,1971,Bachelor,Single,6738400,0,1,11/10/12,32,957,40,175,158,53,107,2,7,5,5,0,0,SP,1
5545,1973,Doctorate,Couple,7807500,0,0,04/05/14,72,572,8,259,34,35,80,1,3,5,1,0,0,SP,0
5547,1983,Doctorate,Couple,8416900,0,0,08/07/13,9,1478,19,403,0,19,0,1,7,6,3,1,0,SP,2
5552,1964,Master,Single,4872100,1,1,5/13/13,50,81,18,113,47,13,21,6,4,5,6,0,0,SA,0
5555,1976,Bachelor,Single,15392400,0,0,02/07/14,81,1,1,1,1,1,1,0,0,0,0,0,0,SP,0
5558,1955,Doctorate,Single,9093300,0,0,3/31/14,90,1020,31,430,62,63,79,1,4,4,1,0,0,SP,1
5562,1975,Bachelor,Couple,6009300,0,1,6/26/13,92,502,12,109,16,6,90,2,7,10,6,0,0,SP,0
5564,1970,Bachelor,Couple,6288200,0,1,08/09/12,26,509,133,497,78,24,97,2,7,6,4,0,0,AUS,0
5577,1984,Bachelor,Couple,4377600,1,0,05/03/14,77,8,0,9,2,1,3,1,1,2,6,0,0,SP,0
5585,1973,Bachelor,Single,2135900,1,0,4/20/13,1,12,2,17,6,1,10,2,2,3,8,1,0,CA,0
5589,1965,Bachelor,Single,5198300,0,1,8/31/12,95,631,0,115,10,7,30,3,9,10,7,0,0,IND,0
5596,1957,Master,Couple,5882100,0,1,10/12/13,44,513,14,154,19,0,28,1,9,9,6,0,0,SA,0
5602,1990,Doctorate,Couple,6697300,0,0,5/17/13,98,466,22,432,147,113,102,1,8,12,3,0,0,IND,0
5610,1966,Bachelor,Couple,3345600,1,1,4/21/14,58,7,3,10,8,1,7,2,1,3,7,0,0,IND,0
5621,1970,Bachelor,Couple,4875200,1,1,12/12/12,8,73,57,100,71,15,0,5,6,5,9,1,0,SP,0
5623,1981,Master,Couple,3153500,1,0,9/26/13,95,15,4,13,0,0,19,1,1,2,7,0,0,SP,1
5626,1965,Doctorate,Single,6179800,0,0,11/23/13,13,338,4,89,11,8,13,1,4,9,4,0,0,SP,0
5628,1983,Bachelor,Couple,6141600,0,0,02/08/13,25,848,154,323,201,61,78,1,10,10,6,0,0,US,1
5631,1992,Bachelor,Single,4976700,0,0,05/02/13,92,202,47,197,55,42,149,1,5,8,4,0,0,US,0
5633,1981,Bachelor,Couple,5018300,1,1,6/25/14,47,97,12,84,13,10,15,7,3,6,5,0,0,SA,0
5636,1964,Bachelor,Single,3098300,0,0,11/09/12,50,51,4,50,12,1,49,1,4,3,8,1,0,IND,0
5642,1980,Master,Couple,6249900,1,0,12/09/13,0,140,4,61,0,13,4,2,3,6,4,0,0,SP,0
5644,1958,Bachelor,Couple,4221300,0,1,10/12/13,96,309,3,24,4,3,20,2,5,7,7,0,0,SP,1
5654,1973,Bachelor,Couple,3602600,2,1,3/16/14,34,20,4,10,6,4,17,2,2,3,6,0,0,AUS,0
5667,1965,Doctorate,Couple,6089600,0,1,10/11/12,90,1013,30,399,60,46,153,3,9,4,6,1,0,CA,0
5675,1961,Doctorate,Single,5061100,0,1,10/04/12,98,459,0,24,6,0,4,6,4,7,6,0,0,US,1
5680,1985,Master,Couple,3568400,1,0,4/22/14,66,10,4,7,0,6,3,1,1,3,6,0,0,SP,0
5682,1954,Doctorate,Single,6410800,0,1,3/23/13,8,948,10,86,13,21,21,4,6,11,5,0,0,AUS,0
5684,1972,Master,Single,4463500,1,1,10/11/13,25,56,0,9,0,0,3,2,2,3,7,0,0,SP,0
5687,1981,Bachelor,Single,8170200,0,0,9/23/12,98,563,50,774,28,31,187,1,7,12,3,0,0,CA,0
5692,1990,High School / Below,Couple,2544300,1,0,12/22/12,82,1,4,3,8,9,7,1,1,3,8,0,0,SA,0
5710,1971,Bachelor,Couple,4054800,0,1,10/10/12,31,110,0,5,2,0,3,2,2,4,5,0,0,AUS,1
5718,1951,Bachelor,Couple,8076300,0,0,8/15/13,17,674,168,108,192,42,231,1,5,6,3,1,0,SA,2
5721,1957,Doctorate,Couple,8411700,0,0,05/11/14,60,611,76,749,59,45,26,1,7,6,2,0,0,CA,1
5723,1977,Doctorate,Couple,4918700,0,1,01/11/14,63,81,1,31,2,1,0,1,1,5,2,0,0,SP,0
5726,1984,Master,Single,3178800,1,0,3/20/14,15,16,7,23,0,8,6,3,3,4,5,0,1,SA,0
5731,1984,Master,Couple,2710000,1,0,04/05/13,64,12,0,13,2,0,10,1,1,3,7,0,0,SP,0
5734,1975,Doctorate,Couple,6191700,1,1,11/20/13,83,46,4,36,2,2,1,1,2,4,5,0,0,SP,0
5735,1992,Master,Single,9063800,0,0,2/13/14,29,1156,120,915,94,144,96,1,3,10,1,0,0,SP,1
5740,1971,Master,Single,2595900,1,1,2/14/13,1,4,2,12,7,5,26,2,1,2,6,1,0,SP,0
5748,1966,Bachelor,Couple,5975400,0,1,12/01/12,96,115,27,44,4,146,139,3,5,6,5,1,0,SA,0
5751,1974,Master,Single,3116300,1,0,2/13/14,54,2,3,10,11,2,10,1,1,3,6,0,0,CA,0
5756,1984,Bachelor,Couple,3945300,1,0,04/03/14,64,46,0,7,0,0,2,2,2,3,6,0,0,SP,0
5758,1983,Bachelor,Couple,6516900,0,0,1/14/14,23,1074,0,69,0,0,46,1,10,13,6,1,0,SP,4
5763,1973,Master,Couple,4985400,1,0,11/10/13,63,123,17,171,39,0,30,5,6,5,6,0,0,CA,0
5782,1983,Master,Couple,5858200,0,1,9/28/13,15,402,35,106,101,77,42,2,9,9,5,0,0,SP,1
5788,1973,Bachelor,Couple,4605300,1,0,2/17/13,46,56,10,92,19,7,25,3,3,4,5,0,0,GER,0
5790,1986,Bachelor,Couple,3115800,1,0,1/27/13,62,25,6,16,20,0,5,2,2,3,8,0,0,SP,0
5794,1975,Doctorate,Couple,4637400,0,1,3/17/14,1,408,0,21,0,0,17,3,7,7,8,1,0,IND,2
5796,1964,Bachelor,Couple,7743700,0,0,11/26/13,70,560,21,442,29,44,29,1,4,13,1,0,0,SP,1
5802,1973,High School / Below,Couple,1418800,0,0,2/28/13,40,2,7,11,16,12,27,1,2,4,6,0,0,GER,0
5823,1971,Doctorate,Single,3230300,0,1,03/08/14,63,35,0,2,0,0,2,2,1,4,5,0,0,IND,0
5824,1973,Doctorate,Couple,3457800,2,1,04/11/14,1,7,0,1,0,0,0,1,1,2,6,0,0,AUS,0
5827,1959,Bachelor,Single,3524600,1,1,4/16/14,53,36,0,12,2,2,10,4,3,3,5,0,0,SA,0
5830,1973,Doctorate,Single,8685700,0,0,09/12/12,96,899,102,838,133,102,40,1,5,10,2,1,0,SA,0
5831,1968,Bachelor,Couple,7787000,0,1,8/22/12,93,1017,50,500,65,50,133,3,5,5,8,1,0,SP,2
5832,1961,Master,Couple,9255600,0,0,4/20/14,32,493,183,352,184,23,28,0,3,13,0,0,0,SP,0
5835,1977,Doctorate,Single,1484900,1,0,07/02/13,39,21,2,28,3,2,9,3,2,4,8,0,0,SP,0
5837,1968,Bachelor,Couple,5147900,1,1,12/28/12,67,247,8,160,6,8,65,7,6,6,7,0,0,SP,0
5841,1967,Bachelor,Couple,6089400,0,1,6/28/13,61,606,7,155,10,0,54,5,10,8,7,0,0,SP,0
5846,1978,Bachelor,Single,4024600,1,0,12/19/12,68,2,1,6,2,1,1,1,1,2,6,0,0,GER,0
5847,1970,Bachelor,Single,6990100,0,1,5/29/13,95,312,21,206,102,92,149,3,7,10,5,0,0,SP,0
5848,1971,Bachelor,Couple,8120500,0,0,1/13/14,43,724,74,929,97,55,130,1,5,7,2,1,0,IND,3
5863,1954,Bachelor,Couple,4770300,0,1,5/29/13,95,359,0,134,13,26,123,4,6,8,5,0,0,SP,0
5866,1975,Bachelor,Couple,4818600,1,0,3/20/14,39,97,3,66,12,7,34,3,4,4,7,0,0,SP,0
5868,1981,Bachelor,Couple,1910700,1,0,8/22/13,49,2,4,9,10,5,16,2,1,3,7,0,0,CA,0
5871,1980,Master,Couple,2440100,0,0,8/31/12,98,73,28,217,10,24,115,3,6,6,8,0,0,SA,0
5872,1952,Bachelor,Single,6068900,0,1,06/01/13,23,240,90,216,63,6,24,4,4,10,3,0,0,US,0
5883,1973,Bachelor,Couple,7798100,1,0,5/26/13,78,138,120,204,16,126,60,3,7,7,5,0,0,SP,0
5885,1974,Master,Couple,3568800,2,1,8/22/12,94,73,3,90,12,1,32,7,4,4,8,0,0,CA,0
5892,1981,Bachelor,Couple,3496800,1,0,04/10/13,11,158,6,45,8,2,2,7,3,5,7,0,0,SA,0
5896,1988,Master,Couple,7339500,0,0,3/18/14,94,272,7,80,20,7,11,1,4,6,2,0,0,SP,0
5899,1951,Doctorate,Couple,564800,1,1,3/13/14,68,28,0,6,1,1,13,1,1,0,20,0,0,US,1
5907,1953,Master,Couple,3344400,1,1,11/03/12,24,8,0,8,0,0,2,1,1,2,8,0,0,SP,0
5909,1965,Bachelor,Couple,5851200,0,1,9/19/13,25,895,10,101,13,0,152,5,3,8,8,0,0,GER,0
5922,1975,Doctorate,Couple,4034400,0,1,10/13/13,48,210,0,6,0,0,2,2,4,5,7,0,0,SP,0
5929,1974,Doctorate,Couple,3740100,1,0,05/06/14,14,19,3,19,3,1,3,2,2,3,7,0,0,SP,0
5935,1957,Master,Single,5528400,0,1,12/24/12,60,547,7,140,0,7,63,3,7,8,5,0,0,IND,0
5939,1972,Bachelor,Couple,3823200,1,1,1/17/14,84,43,5,28,7,6,33,4,3,3,5,0,0,SP,0
5948,1976,Bachelor,Single,5733800,0,1,4/29/14,96,143,6,52,11,8,17,2,4,5,5,0,0,US,0
5954,1973,Master,Single,4261800,1,0,10/09/13,92,76,14,74,13,5,10,2,5,4,8,0,0,SP,0
5955,1963,Bachelor,Couple,7202500,0,0,11/17/12,27,833,33,549,151,133,233,1,4,8,3,0,0,SP,0
5956,1949,Doctorate,Single,4507200,1,2,10/16/13,74,144,2,99,7,2,30,5,6,4,8,0,0,AUS,0
5959,1969,Bachelor,Single,3589300,1,1,10/15/12,80,158,0,23,0,0,18,6,3,5,8,0,0,IND,0
5961,1979,Bachelor,Couple,4269300,1,0,06/07/14,29,8,4,20,6,3,16,1,1,3,5,0,0,SP,0
5966,1975,Doctorate,Couple,4520700,1,1,11/10/12,64,203,0,10,0,0,2,5,3,6,6,0,0,SP,1
5967,1953,Bachelor,Couple,3340200,1,1,7/18/13,60,26,2,19,10,5,8,3,2,3,8,0,0,GER,0
5975,1968,Doctorate,Single,4030400,1,0,9/30/13,82,37,0,17,0,0,3,1,2,3,7,0,0,CA,0
5985,1966,Master,Single,3316800,0,1,10/13/12,0,80,1,37,0,1,3,3,2,4,7,0,0,SP,0
5987,1990,Master,Couple,1040400,1,0,05/04/14,52,2,2,11,10,6,12,2,1,4,5,0,0,SP,0
5989,1960,Master,Single,7835300,0,1,4/16/13,51,752,122,476,39,153,34,1,10,11,8,0,0,CA,0
5991,1950,Master,Couple,4815000,0,1,06/08/13,24,173,2,39,3,2,47,3,5,4,7,0,0,GER,0
5995,1963,Bachelor,Single,3955200,1,1,12/18/12,54,165,3,147,4,24,41,7,6,5,8,1,0,SP,0
6001,1980,Bachelor,Couple,5677500,0,1,01/02/13,62,614,35,160,58,35,35,2,5,10,5,0,0,SP,0
6019,1972,Doctorate,Couple,3712600,1,0,3/30/14,9,45,3,9,4,4,7,1,1,2,6,1,0,SP,1
6024,1954,Bachelor,Couple,9438400,0,0,03/04/13,62,1111,24,790,160,45,172,0,5,5,2,1,0,SP,3
6036,1960,Master,Couple,8912000,0,0,3/17/14,78,1168,92,408,72,129,55,1,5,7,1,0,0,SP,1
6049,1983,Master,Couple,7345000,0,0,12/05/13,85,1142,51,415,90,69,37,1,7,11,3,0,0,SP,2
6050,1976,Master,Couple,5703600,0,1,12/11/12,33,1171,43,219,19,14,47,4,6,13,9,0,0,IND,1
6055,1980,Bachelor,Couple,7162600,0,0,11/01/12,94,546,72,376,94,145,72,1,5,8,3,0,0,SP,1
6059,1954,Doctorate,Couple,6450400,1,2,03/04/13,81,986,36,168,16,0,108,7,11,4,7,1,0,SP,0
6071,1990,Bachelor,Single,8121700,0,0,7/19/13,77,493,70,324,146,40,84,1,3,11,1,0,0,SP,0
6072,1971,Master,Single,7534500,0,0,02/02/13,16,918,57,842,99,38,133,1,5,6,3,1,0,SP,1
6086,1956,Bachelor,Couple,8039500,0,0,11/23/13,62,445,25,706,80,76,48,1,6,12,2,0,0,AUS,1
6097,1960,Bachelor,Single,5066400,1,1,1/16/13,64,313,8,104,6,4,126,9,8,6,9,0,0,SA,0
6103,1949,Bachelor,Couple,4219200,0,0,09/06/13,40,40,15,15,17,6,7,1,2,3,4,0,0,AUS,0
6116,1969,Master,Couple,4898500,0,1,07/05/13,13,19,13,18,10,7,8,1,1,3,3,0,0,SP,0
6119,1964,Doctorate,Single,3673600,1,1,05/10/13,52,10,0,3,0,0,4,1,1,2,6,0,0,SP,0
6131,1981,Master,Couple,7082900,1,1,12/01/13,87,141,70,106,72,19,23,2,4,8,3,0,0,SP,0
6141,1973,Master,Single,4949400,1,0,4/25/13,46,191,9,97,0,6,82,2,6,5,7,0,0,CA,0
6142,1944,Master,Couple,6507300,0,0,8/20/13,65,629,17,177,69,0,8,1,5,5,2,0,1,SP,0
6147,1972,Bachelor,Single,2581800,1,0,10/18/12,51,5,2,8,2,2,9,1,0,2,7,0,0,GER,0
6168,1964,Bachelor,Single,4514600,1,1,7/15/13,28,33,0,5,0,0,15,2,1,2,4,0,0,IND,0
6173,1980,Bachelor,Couple,7729800,0,1,11/02/13,46,425,115,292,23,35,79,1,6,11,3,0,0,SP,0
6177,1986,Doctorate,Couple,3345400,1,0,05/08/13,32,76,10,56,3,1,23,2,4,4,8,0,0,US,0
6181,1951,Master,Couple,5220300,0,0,7/31/12,36,488,21,238,56,108,28,1,8,11,6,0,0,US,0
6182,1985,Bachelor,Couple,2664600,1,0,02/10/14,26,11,4,20,10,3,5,2,2,4,6,0,0,US,0
6183,1963,Master,Couple,5864600,0,1,06/10/13,3,62,1,44,6,5,22,1,2,4,4,0,0,GER,0
6184,1970,Doctorate,Couple,6846200,0,0,12/12/12,6,561,64,785,84,128,48,1,3,8,1,0,0,SP,0
6197,1963,Doctorate,Single,2723800,1,1,4/20/13,39,37,0,17,0,0,3,3,3,3,9,0,0,SP,0
6200,1952,Bachelor,Couple,7590300,0,1,04/08/13,50,340,108,185,130,38,100,2,6,9,3,0,0,SP,0
6201,1979,Bachelor,Single,3864300,1,1,11/29/13,45,22,2,14,0,1,10,2,2,3,7,0,1,SP,0
6202,1961,Bachelor,Couple,6338100,0,1,10/05/12,78,571,50,142,33,50,159,4,4,13,2,0,0,SP,0
6203,1948,Bachelor,Couple,7448500,0,0,8/24/13,58,499,149,815,173,49,49,1,6,12,3,0,0,SP,0
6205,1968,Master,Single,3255700,1,0,2/24/14,13,34,3,29,0,4,10,3,2,3,5,1,0,CA,0
6211,1977,Doctorate,Couple,3739500,1,0,05/02/14,47,18,0,9,0,1,11,1,1,3,6,0,0,SP,0
6214,1983,Master,Couple,4381500,1,0,04/05/13,53,14,10,29,4,7,15,1,2,3,6,0,0,SP,0
6215,1978,Bachelor,Couple,3135300,1,1,12/29/13,24,10,0,10,3,1,7,2,1,2,8,1,0,SA,0
6218,1966,Bachelor,Couple,5959400,0,1,10/20/12,74,457,4,29,0,0,9,1,8,7,7,0,0,SP,1
6222,1968,Bachelor,Couple,2257400,2,1,10/28/13,28,25,0,8,2,0,2,2,2,3,7,0,0,SP,0
6230,1972,Bachelor,Single,4442100,1,1,2/15/13,53,110,5,59,7,1,7,5,5,4,8,0,0,SP,0
6233,1977,Bachelor,Couple,6599100,0,1,09/07/12,21,507,19,364,25,47,9,3,9,10,7,0,0,SP,0
6237,1967,Doctorate,Single,714400,0,2,12/07/13,92,81,4,33,5,2,291,0,23,1,0,0,0,SP,0
6245,1951,Doctorate,Couple,5929200,0,1,6/13/13,71,378,14,68,19,14,14,2,3,8,3,0,0,SP,0
6246,1954,Bachelor,Single,7389200,0,0,11/13/13,40,703,102,601,0,58,43,1,3,8,1,1,0,CA,0
6248,1948,Master,Single,9171200,0,0,10/17/13,47,1276,24,746,94,29,48,0,9,11,3,1,0,SP,1
6250,1950,Doctorate,Single,5435600,0,1,11/19/12,62,710,15,30,20,0,0,3,11,8,8,1,0,SP,0
6255,1953,Master,Couple,7054500,0,1,06/03/14,29,138,39,63,55,18,21,1,4,7,2,0,0,AUS,0
6257,1977,Master,Single,6048200,0,1,1/23/13,81,255,43,134,37,14,24,1,7,7,7,0,0,SA,0
6260,1956,Master,Couple,8238400,0,0,11/19/12,55,984,51,432,180,120,190,1,3,13,1,1,0,AUS,1
6261,1980,Bachelor,Couple,5802500,0,1,11/26/13,81,270,31,88,11,48,22,3,3,10,4,0,0,IND,0
6262,1963,Master,Single,7221700,0,0,04/10/13,93,816,42,450,55,56,154,1,3,8,2,0,0,GER,0
6263,1969,Bachelor,Couple,3532200,1,2,8/22/12,34,28,9,37,12,7,13,3,2,4,8,0,0,SP,0
6271,1953,Doctorate,Couple,5087000,0,1,6/19/14,13,53,0,8,0,0,2,1,2,3,5,0,0,SP,0
6274,1949,Master,Couple,8379000,0,0,11/15/13,81,1076,16,417,42,48,16,1,8,6,3,0,0,SA,2
6281,1967,Bachelor,Single,5568600,0,1,2/14/13,27,673,0,199,37,47,26,2,6,5,4,0,0,SP,1
6283,1969,Master,Single,6384100,0,1,4/21/13,64,635,15,100,20,7,131,1,9,9,6,0,0,SP,0
6287,1987,Bachelor,Couple,3472800,1,0,7/30/13,2,14,0,16,0,0,6,1,1,2,6,1,0,SP,0
6289,1952,Master,Couple,5938500,1,1,4/28/13,85,135,0,10,0,4,36,2,3,4,5,0,0,SP,0
6292,1987,Doctorate,Couple,8233300,0,0,3/30/13,60,1311,0,359,46,89,17,1,4,10,2,1,0,GER,1
6295,1978,Bachelor,Couple,5423300,0,1,02/04/13,46,652,8,158,21,0,142,4,11,5,8,0,0,SP,0
6299,1969,Doctorate,Single,4256400,0,1,01/02/13,28,324,48,186,39,18,198,6,6,4,7,1,0,CA,1
6303,1987,Doctorate,Couple,9182000,0,0,11/23/13,72,410,73,747,76,161,30,0,5,12,1,0,0,CA,0
6310,1979,Bachelor,Couple,3303900,1,0,09/09/13,4,30,8,12,8,8,12,1,2,4,5,0,0,CA,0
6312,1960,Bachelor,Couple,6503100,0,1,3/17/13,29,258,107,291,84,37,86,4,10,13,7,0,0,GER,0
6318,1989,Bachelor,Couple,6848700,0,0,1/13/13,48,758,12,385,33,89,89,1,9,13,4,0,0,CA,0
6320,1977,Master,Single,7089300,0,0,02/06/13,42,768,44,561,77,44,14,1,6,10,3,0,0,SP,0
6327,1968,Bachelor,Couple,6577700,0,0,12/19/13,87,565,32,435,28,32,54,1,2,6,1,0,0,US,0
6336,1961,Bachelor,Couple,2931500,1,1,04/06/14,55,13,2,14,8,7,4,4,2,4,6,0,0,SA,0
6340,1986,Bachelor,Single,2993800,1,0,10/27/13,52,3,3,7,0,2,11,2,1,3,6,0,0,SA,0
6343,1960,Bachelor,Couple,7982300,0,1,3/31/14,6,835,73,380,114,73,43,1,6,7,2,0,0,AUS,1
6347,1980,High School / Below,Single,1586200,1,0,6/27/13,26,1,1,4,11,9,10,1,1,3,8,0,0,SP,0
6349,1988,Master,Single,6178700,0,0,07/06/13,71,621,73,414,78,48,85,1,8,6,5,0,0,SP,0
6354,1985,Bachelor,Couple,1534500,1,0,8/31/12,51,5,2,16,3,2,19,2,1,2,8,1,0,SP,0
6355,1979,Bachelor,Couple,4435900,1,1,6/17/14,19,20,0,14,7,3,1,3,2,4,3,0,0,SP,0
6357,1960,Master,Single,5905200,0,1,11/17/13,29,230,35,75,63,57,31,3,7,7,5,0,0,SA,0
6365,1988,Master,Couple,3039000,0,0,09/02/13,5,10,12,12,25,1,20,1,2,3,6,0,0,IND,0
6374,1955,Doctorate,Couple,3693000,0,1,5/17/13,50,223,2,31,0,2,39,5,5,4,8,0,0,SP,0
6376,1980,Bachelor,Single,5753700,1,0,06/10/13,83,191,56,139,51,8,100,4,4,8,4,0,0,AUS,0
6379,1950,Master,Single,4757000,1,1,5/29/13,3,67,1,20,0,2,31,3,2,2,7,1,0,US,0
6382,1954,Bachelor,Couple,4879400,1,1,6/26/14,97,25,0,11,3,0,15,1,1,3,4,0,0,US,0
6383,1972,Doctorate,Couple,3289200,1,0,5/25/14,78,26,0,15,2,1,2,2,3,3,8,0,0,SA,0
6384,1979,Bachelor,Single,7102200,0,1,02/11/14,30,909,12,278,0,12,242,3,5,11,8,0,0,US,1
6387,1977,Doctorate,Couple,5219000,1,1,05/08/14,39,42,0,17,0,0,18,3,2,3,5,0,0,SA,1
6398,1975,High School / Below,Couple,1839300,1,0,3/29/14,2,7,10,13,16,0,4,2,3,3,8,0,0,SP,0
6404,1970,Bachelor,Couple,5891700,1,2,3/24/13,10,151,7,89,0,7,28,5,4,6,5,0,0,SA,0
6406,1989,Master,Couple,7828500,0,0,10/28/13,13,647,107,391,175,67,40,1,6,10,3,0,0,GER,0
6409,1968,Bachelor,Single,5713600,0,0,5/18/13,18,267,140,599,34,12,127,1,7,7,6,1,0,SA,0
6417,1972,Master,Couple,8057300,0,0,10/14/12,85,829,138,430,60,92,15,1,4,13,2,0,0,SP,0
6421,1962,Bachelor,Couple,8834700,0,0,07/03/13,32,1050,178,555,77,138,118,1,4,9,1,0,0,SP,1
6422,1955,Bachelor,Couple,8671800,0,0,1/17/13,20,344,189,482,50,33,172,1,5,5,2,0,0,IND,0
6424,1978,Bachelor,Couple,3317800,1,0,1/30/14,9,12,6,2,11,2,16,1,1,3,4,0,0,SP,0
6428,1951,Doctorate,Single,7684200,0,0,05/03/14,37,605,10,345,84,54,32,1,1,7,0,0,0,SP,0
6431,1965,Doctorate,Couple,4575900,1,1,2/23/13,13,42,1,18,3,0,4,2,2,3,7,0,0,IND,0
6437,1986,Master,Single,4147300,1,0,6/19/13,80,21,8,20,15,3,9,1,2,3,7,0,0,SP,0
6439,1959,Bachelor,Couple,6107400,0,1,8/17/12,37,789,0,133,0,28,152,7,11,8,7,0,0,SA,0
6445,1968,Bachelor,Couple,6682500,0,0,7/14/13,73,243,101,405,29,40,40,1,4,6,2,0,0,SA,0
6457,1977,Bachelor,Single,6489200,0,1,5/29/14,77,527,24,230,32,24,65,2,6,12,4,0,0,SA,0
6460,1983,Bachelor,Couple,2871800,1,0,7/13/13,78,12,4,6,11,8,16,2,2,3,8,0,0,IND,0
6461,1970,Master,Single,6277200,0,1,5/19/13,74,581,49,157,43,8,108,1,5,11,2,0,0,SP,1
6466,1966,Doctorate,Couple,5723600,1,1,03/12/14,22,105,0,9,2,1,4,3,2,4,3,0,0,SP,0
6471,1972,Master,Single,3623000,1,0,10/17/13,17,14,2,30,8,2,3,1,2,4,5,0,0,SP,0
6488,1960,Doctorate,Couple,3882900,0,1,04/06/14,86,76,0,7,0,0,16,1,3,2,5,0,0,GER,0
6497,1961,Bachelor,Couple,5165100,0,1,11/07/12,32,293,6,23,13,6,92,4,6,5,8,0,0,AUS,0
6504,1976,Master,Couple,1978900,1,0,11/20/13,24,2,5,9,28,6,28,3,2,3,5,0,0,SP,1
6507,1981,Bachelor,Single,3082800,1,0,10/04/13,16,16,11,15,2,0,12,2,1,4,3,0,0,AUS,0
6515,1978,Bachelor,Couple,3977100,1,0,12/06/13,92,6,2,18,2,8,14,1,2,3,4,0,0,SA,0
6516,1990,High School / Below,Couple,1748700,1,0,3/18/13,37,0,0,1,7,4,6,1,1,2,7,0,0,AUS,0
6518,1952,Doctorate,Single,6768000,0,1,06/11/13,8,546,0,48,0,6,6,1,7,8,5,0,0,AUS,0
6521,1955,Bachelor,Couple,7797200,0,0,3/18/14,18,613,22,319,33,102,12,1,4,9,1,0,0,SA,0
6528,1983,Master,Couple,1849200,1,0,06/05/14,75,2,2,2,2,1,1,1,1,2,8,0,0,SP,0
6534,1975,Bachelor,Couple,4788900,1,0,01/04/14,94,29,0,29,0,5,4,1,2,3,5,0,0,SA,0
6543,1946,Master,Couple,6284700,0,0,1/15/13,45,521,168,706,80,76,61,1,3,4,2,0,0,CA,0
6544,1950,Doctorate,Couple,6791100,0,1,5/22/14,63,529,0,356,63,28,0,3,6,11,3,0,0,GER,0
6565,1950,Master,Couple,7699500,0,1,3/28/13,91,1012,80,498,0,16,176,2,11,9,5,0,0,US,1
6566,1955,Doctorate,Couple,7255000,1,1,11/08/12,39,826,50,317,50,38,38,9,5,12,8,0,0,AUS,0
6568,1985,Bachelor,Couple,3868000,1,0,3/28/13,97,11,0,36,15,5,12,1,2,3,7,0,0,US,0
6575,1982,Bachelor,Couple,5638600,1,1,10/27/12,51,230,48,214,13,32,75,8,9,7,9,0,0,SA,0
6583,1956,Master,Couple,7263500,0,0,06/03/13,54,390,22,323,104,35,107,1,6,6,3,0,0,SP,1
6605,1945,Doctorate,Single,5561400,0,0,11/27/13,85,504,13,131,8,0,26,1,9,6,7,0,0,SP,1
6606,1970,Master,Couple,7009100,1,0,3/31/13,11,964,34,137,15,0,11,2,5,10,8,0,0,SP,1
6609,1967,Bachelor,Single,2703800,0,0,9/18/12,64,1,26,25,17,23,15,1,3,3,9,1,0,SA,0
6613,1971,Master,Couple,4451100,1,0,10/12/12,39,513,7,133,46,14,14,6,8,8,8,0,0,AUS,0
6616,1976,Bachelor,Couple,5948100,0,1,10/23/13,47,178,3,85,71,66,58,2,3,8,2,0,0,SP,0
6619,1979,Bachelor,Couple,3841500,1,1,01/02/13,91,22,1,13,4,0,4,2,1,3,7,0,0,SP,0
6634,1980,Master,Single,3346200,1,0,08/07/13,78,22,3,18,0,0,11,1,2,3,7,0,0,SA,0
6637,1989,Bachelor,Single,6695100,0,0,11/02/13,46,277,162,305,173,76,124,1,3,7,1,0,0,IND,0
6642,1962,Bachelor,Single,2721500,2,1,1/23/13,50,30,5,22,8,9,28,4,2,4,6,0,0,SA,0
6646,1985,Bachelor,Couple,1652900,1,0,03/01/14,23,3,0,5,13,0,1,1,1,3,6,0,0,CA,0
6652,1966,Bachelor,Couple,7734300,0,0,06/09/14,28,227,151,573,98,54,31,1,3,9,1,0,0,CA,0
6653,1971,Doctorate,Couple,5515800,1,1,7/30/12,72,293,0,87,4,11,23,4,7,5,7,1,0,SP,0
6658,1973,Bachelor,Couple,5986800,0,1,7/22/13,37,771,51,154,54,10,154,7,11,12,6,0,0,SP,0
6661,1975,Bachelor,Couple,6744500,0,1,08/12/12,63,757,80,217,29,80,11,5,9,12,6,0,0,SP,0
6663,1941,Doctorate,Single,5114100,0,0,07/08/13,96,144,0,7,0,0,6,1,3,4,5,0,0,SP,0
6673,1966,Bachelor,Single,2347800,0,0,3/19/13,51,28,6,27,12,17,39,1,3,3,8,0,0,US,0
6678,1990,Bachelor,Couple,3192800,1,0,3/28/14,5,33,4,24,4,2,5,2,3,4,7,0,0,IND,0
6679,1967,Bachelor,Single,3327900,0,0,06/12/14,29,10,3,3,0,0,0,1,0,3,3,0,0,SP,0
6682,1974,High School / Below,Couple,1897800,1,0,12/11/12,41,2,8,1,4,7,15,1,1,3,8,0,0,SP,0
6690,1967,Master,Couple,3817900,1,1,3/14/13,30,38,4,22,4,2,20,4,3,3,7,0,0,SA,0
6694,1965,Bachelor,Couple,7523600,0,1,11/25/13,27,438,66,400,12,38,114,1,8,13,4,0,0,SP,0
6710,1952,Master,Single,5821700,2,1,11/17/12,84,68,1,13,3,5,13,1,2,4,6,0,0,SP,0
6715,1949,Doctorate,Single,6020000,0,1,01/02/13,3,502,19,132,0,6,26,6,6,11,6,0,0,SP,0
6720,1969,Master,Couple,4379500,0,1,10/16/13,11,314,11,53,4,3,107,3,7,4,7,1,0,SP,1
6721,1952,Bachelor,Couple,7196500,0,1,7/29/13,21,572,19,286,50,38,248,3,6,5,3,0,0,CA,0
6722,1955,Doctorate,Couple,7042100,0,1,6/28/14,98,479,28,136,75,14,35,3,10,7,6,0,0,CA,0
6728,1986,Bachelor,Couple,2910300,1,0,8/27/12,38,16,0,17,6,3,6,2,1,3,9,0,0,SP,0
6729,1989,Bachelor,Single,6865500,0,0,08/10/12,95,456,19,832,75,118,38,1,4,11,3,0,0,SA,0
6730,1955,Bachelor,Couple,3899800,1,1,11/03/12,92,34,1,14,0,0,5,3,2,3,8,0,1,SP,0
6742,1980,Bachelor,Couple,1768800,1,0,1/13/13,82,2,2,1,3,1,2,1,1,2,8,0,1,SP,0
6749,1967,Bachelor,Single,8635800,1,1,08/08/12,78,957,47,494,82,47,95,4,5,6,8,0,0,SP,0
6768,1963,Bachelor,Single,3785900,1,2,01/12/13,75,22,1,8,2,1,2,2,1,3,8,0,0,CA,0
6770,1986,Bachelor,Couple,2135500,1,0,8/20/13,5,5,13,14,0,5,31,2,2,2,6,1,0,US,1
6798,1967,Bachelor,Single,3707000,1,1,3/20/13,30,231,7,137,4,15,39,9,5,8,7,1,0,SA,0
6810,1984,Bachelor,Single,8202500,0,0,5/28/13,76,267,98,606,48,70,98,1,3,6,1,1,0,SA,1
6815,1981,Master,Couple,9654700,0,0,5/23/14,4,448,21,125,52,101,62,0,7,8,2,1,0,SP,3
6818,1975,Bachelor,Couple,4498900,0,1,09/12/12,26,98,0,106,49,10,106,5,5,5,6,0,0,SP,0
6825,1954,Bachelor,Couple,4145200,1,1,03/06/13,86,13,0,3,0,0,0,1,1,2,7,0,0,CA,0
6853,1983,Master,Single,7577700,0,0,07/04/13,12,712,26,538,69,13,80,1,3,11,1,1,0,AUS,2
6856,1980,Bachelor,Couple,2164500,1,0,09/03/12,75,14,0,23,4,5,19,3,3,3,9,1,0,GER,0
6859,1988,Bachelor,Single,2923600,1,0,10/08/13,30,37,4,24,16,9,9,2,4,3,9,0,0,SP,0
6862,1972,Bachelor,Single,173000,0,0,5/18/14,65,1,1,3,1,1,1,15,0,0,20,0,0,SP,0
6864,1990,Master,Single,1097900,0,0,5/22/14,34,8,4,10,2,2,4,2,3,3,5,0,0,AUS,0
6866,1970,Master,Couple,3592400,1,1,3/23/14,56,8,0,14,2,3,7,1,1,3,5,0,0,SA,0
6870,1960,Doctorate,Single,6880500,0,1,9/17/13,73,182,2,49,17,13,20,1,3,7,2,0,0,SP,0
6872,1975,Doctorate,Couple,6535200,0,1,8/21/13,43,284,3,84,4,7,23,2,4,8,4,0,0,SA,0
6875,1966,Doctorate,Couple,3272700,0,0,8/28/12,38,167,13,180,86,13,70,2,7,5,8,0,0,CA,0
6878,1955,Bachelor,Single,2742100,0,0,12/12/12,14,43,12,96,78,40,55,3,4,6,7,0,0,SP,0
6885,1978,Bachelor,Single,3295200,1,0,12/01/13,36,38,0,12,3,1,1,1,2,3,7,0,0,CA,0
6887,1968,Bachelor,Single,7914600,1,1,4/24/14,33,245,16,223,21,43,16,2,8,8,6,0,0,GER,0
6892,1969,Bachelor,Single,6167100,0,1,06/03/14,23,641,7,56,0,0,28,8,10,6,8,0,0,SP,2
6905,1995,Bachelor,Couple,8068500,0,0,8/22/12,55,241,45,604,34,26,54,1,6,10,2,0,0,SP,0
6906,1954,Master,Single,8495300,0,0,06/03/13,73,167,48,602,63,72,72,1,3,4,2,1,0,SP,3
6912,1968,Doctorate,Couple,6324600,0,2,8/20/13,60,593,30,91,29,22,7,1,6,12,4,0,0,SP,0
6918,1990,Bachelor,Couple,2869100,1,0,07/04/13,56,5,4,13,8,0,4,1,1,3,8,0,0,SP,0
6919,1979,Master,Couple,2622400,1,0,06/04/13,39,4,7,15,13,9,15,3,2,3,6,0,0,SP,0
6927,1969,Doctorate,Couple,4437700,1,1,10/05/12,70,224,0,30,0,0,10,8,5,5,8,0,0,SA,0
6931,1968,Bachelor,Single,7698200,0,0,2/15/14,19,464,151,292,65,60,30,1,8,4,4,1,0,SP,1
6932,1942,Doctorate,Couple,9302700,0,0,4/13/13,77,1285,42,716,55,0,21,0,7,5,2,0,0,SP,1
6935,1952,Master,Couple,7849700,0,0,12/01/13,44,207,26,447,75,0,223,1,5,12,2,0,0,IND,1
6940,1967,Doctorate,Single,4673400,1,2,10/21/13,86,100,1,39,6,1,76,4,3,3,6,0,0,SP,1
6941,1972,Bachelor,Single,3163200,0,0,7/14/13,92,17,8,12,11,15,32,1,2,2,7,0,0,SP,0
6945,1953,Bachelor,Single,8457400,0,0,06/04/13,72,387,20,713,38,54,163,1,9,11,5,0,0,SP,0
6950,1959,Master,Couple,4957200,1,1,12/15/13,25,35,1,16,0,1,1,2,2,3,7,0,0,CA,0
6958,1978,Master,Couple,2788900,1,0,07/05/13,42,14,0,4,0,0,8,1,1,2,6,0,0,AUS,0
6961,1975,Bachelor,Couple,2675100,2,0,5/22/14,26,1,1,5,0,3,1,1,1,2,8,0,0,SP,0
6963,1948,Bachelor,Single,7745700,0,0,03/05/14,85,675,11,400,15,45,11,1,2,10,1,0,0,SA,1
6969,1983,Bachelor,Couple,5027200,1,0,08/07/13,75,99,13,66,43,8,4,3,4,5,7,0,0,AUS,0
6974,1973,Doctorate,Couple,8344300,0,0,12/31/13,89,518,42,742,55,56,84,1,6,5,2,0,0,GER,0
6977,1975,Bachelor,Couple,7570200,0,1,10/14/12,87,1073,0,629,145,37,37,1,10,13,6,0,0,SP,1
6982,1977,Bachelor,Couple,7406800,0,0,3/19/13,14,783,30,537,140,76,15,1,4,9,2,0,0,IND,0
6983,1951,Master,Single,3805400,1,1,05/01/14,24,23,2,17,2,1,0,2,2,3,7,0,0,IND,0
6988,1987,Bachelor,Couple,7195200,1,0,01/10/13,93,656,80,455,52,107,93,2,8,8,4,0,0,AUS,2
6991,1952,Bachelor,Single,4318500,0,1,04/10/13,88,537,6,42,16,6,30,2,9,6,8,0,0,AUS,0
6999,1981,Master,Couple,6966100,0,0,5/13/14,80,656,16,106,32,16,8,1,7,12,3,0,0,IND,0
7000,1973,Master,Single,6570400,0,0,10/13/13,18,279,172,74,38,8,246,1,2,10,1,0,0,GER,0
7002,1956,Bachelor,Single,6253500,0,1,10/03/13,13,163,48,90,0,45,52,1,3,8,3,0,0,SP,0
7004,1985,Bachelor,Single,1101200,1,0,3/16/13,82,24,3,26,7,1,23,3,3,2,9,0,0,IND,1
7005,1982,Bachelor,Single,5868400,0,0,6/16/14,71,479,35,179,28,7,85,1,5,12,2,0,0,SA,1
7007,1969,Master,Couple,2954300,2,0,04/01/14,47,17,3,18,3,4,18,2,3,2,7,0,0,SP,0
7010,1966,Master,Couple,7092400,0,0,04/07/14,41,635,114,254,132,152,76,1,6,7,3,0,0,SP,1
7011,1974,Bachelor,Couple,3347100,1,0,10/12/12,47,43,2,27,0,9,12,3,3,4,7,0,0,SA,0
7019,1964,Bachelor,Couple,5441400,1,1,1/23/13,49,109,18,16,24,26,18,4,3,5,4,0,0,SA,0
7022,1972,Bachelor,Couple,7644500,1,0,9/28/12,2,739,107,309,140,80,35,1,2,13,6,0,0,SA,0
7023,1954,Doctorate,Single,4623100,2,1,11/26/12,87,189,2,55,0,5,12,4,6,4,9,0,0,SA,0
7030,1956,Doctorate,Couple,6646500,0,1,3/30/13,1,1200,0,204,38,29,14,3,11,12,6,0,0,SP,1
7034,1979,Master,Couple,2580400,1,0,09/01/13,34,8,7,9,13,6,12,2,2,3,8,0,0,CA,0
7037,1975,Doctorate,Couple,3708700,1,0,08/11/13,50,194,55,134,15,0,3,3,4,8,6,0,0,SA,0
7042,1984,Bachelor,Couple,3679000,0,0,03/01/13,14,3,3,14,15,21,10,1,2,2,9,1,0,SP,0
7053,1967,Doctorate,Single,7842000,0,0,6/29/13,75,604,28,674,91,28,28,1,3,8,1,0,0,SA,0
7055,1953,Doctorate,Couple,6101000,0,1,10/09/12,57,888,0,57,0,0,76,2,8,11,5,0,0,CA,0
7059,1964,Bachelor,Couple,8012400,0,0,6/26/14,47,483,84,398,205,84,241,1,3,8,1,0,0,SP,1
7072,1974,Bachelor,Couple,6743200,0,1,3/29/13,69,432,79,341,177,136,170,2,8,4,4,0,0,AUS,0
7079,1963,Bachelor,Single,6388700,0,1,09/08/12,38,897,23,207,15,11,92,5,9,12,6,0,0,SA,0
7093,1986,Bachelor,Couple,1998600,1,0,11/14/13,74,3,6,5,0,2,6,1,0,3,7,0,0,SP,0
7094,1976,Bachelor,Single,5833000,0,1,12/25/13,87,445,53,213,104,98,151,1,6,13,4,0,0,GER,0
7101,1964,Doctorate,Single,5227800,0,1,1/25/13,24,953,0,71,0,0,174,6,10,10,8,0,0,SP,0
7106,1944,Doctorate,Couple,7586500,0,0,3/31/14,73,483,0,591,156,0,12,1,3,10,1,0,0,SP,0
7108,1966,Master,Single,5139000,1,1,09/08/12,54,205,20,47,23,2,56,6,5,5,5,0,0,SA,0
7118,1958,Bachelor,Couple,7380300,0,1,08/01/12,61,833,80,363,52,26,174,2,9,6,6,1,0,CA,1
7119,1983,Bachelor,Single,6862700,0,0,01/12/13,45,395,15,263,60,54,38,1,2,6,1,0,0,SA,0
7124,1969,Bachelor,Single,3699700,1,1,02/01/13,72,43,4,12,8,0,27,5,2,4,5,0,0,CA,0
7128,1978,Doctorate,Single,4299700,1,1,12/07/13,91,4,0,5,0,1,5,1,1,2,7,0,0,SP,0
7129,1963,Doctorate,Couple,5469300,0,1,2/17/13,72,686,17,142,23,26,35,8,6,13,6,0,0,SP,0
7141,1987,Master,Single,2188800,1,0,12/29/12,15,88,10,46,2,3,64,4,5,2,10,1,0,SP,0
7143,1956,Master,Couple,7480500,0,1,11/06/13,14,209,162,209,41,162,37,5,4,10,2,0,0,SP,0
7152,1984,Master,Couple,2710000,1,0,04/05/13,64,12,0,13,2,0,10,1,1,3,7,0,0,GER,0
7165,1973,Bachelor,Couple,6447400,0,1,10/22/13,59,381,35,172,56,86,93,2,8,10,5,0,0,SP,0
7181,1978,Bachelor,Couple,3036800,0,1,11/07/13,97,35,0,13,2,0,2,2,2,3,8,0,0,SP,0
7186,1967,Doctorate,Couple,3084300,1,1,5/26/14,43,24,0,2,0,0,9,2,1,2,5,0,0,IND,1
7192,1956,Bachelor,Couple,6574800,0,1,4/15/13,58,172,73,93,95,78,34,2,2,10,1,0,1,SP,0
7196,1951,Doctorate,Couple,4114500,1,1,02/08/14,20,9,0,3,0,0,1,1,0,3,3,0,0,CA,0
7212,1967,Bachelor,Couple,4479400,0,1,06/08/14,99,54,0,7,0,0,4,1,2,3,6,0,0,AUS,0
7214,1958,Bachelor,Couple,6218700,0,0,07/05/13,49,792,0,275,45,45,126,1,4,5,3,0,0,SP,0
7215,1984,Bachelor,Single,10197000,0,0,03/12/13,69,722,27,102,44,72,168,0,6,13,2,1,0,CA,3
7224,1978,Bachelor,Couple,3135300,1,1,12/29/13,24,10,0,10,3,1,7,2,1,2,8,0,0,IND,0
7230,1961,Doctorate,Single,5061100,0,1,10/04/12,98,459,0,24,6,0,4,6,4,7,6,1,0,US,1
7232,1974,Bachelor,Single,4242900,0,1,02/11/14,99,55,0,6,2,0,4,2,1,3,5,0,0,SP,0
7233,1973,Bachelor,Couple,6920900,0,0,9/17/12,4,496,32,849,229,48,128,2,5,6,4,0,0,CA,1
7235,1976,Master,Couple,1700300,1,0,12/09/13,37,2,5,12,4,8,7,3,2,4,5,0,0,GER,0
7247,1961,Bachelor,Single,4791600,0,1,11/22/12,72,505,0,26,0,0,75,5,7,6,6,0,0,GER,1
7250,1979,Bachelor,Couple,5786700,1,0,10/01/13,48,344,35,178,15,23,17,7,7,9,6,0,0,CA,0
7254,1970,Bachelor,Couple,3836100,1,0,12/27/13,74,39,0,56,20,8,14,3,3,3,7,0,0,SA,0
7261,1972,Bachelor,Couple,3460000,1,1,01/01/13,8,199,33,60,8,3,15,5,5,5,8,1,0,SP,0
7264,1979,Master,Single,5219500,2,1,05/12/14,2,12,0,4,0,0,1,1,1,2,8,0,0,SA,0
7270,1982,Bachelor,Single,5698100,0,0,1/25/14,91,908,48,217,32,12,24,1,2,13,6,0,0,SA,1
7274,1958,Bachelor,Couple,7861800,0,0,9/28/12,87,736,163,818,212,163,61,1,4,10,2,0,0,SP,1
7275,1972,Master,Single,3331600,1,1,10/04/13,34,79,1,31,4,4,12,3,2,4,6,0,0,US,0
7279,1970,Doctorate,Couple,6947600,0,0,9/30/13,3,260,86,559,63,9,67,1,4,4,2,0,0,US,0
7284,1954,Bachelor,Couple,4868600,1,2,12/04/13,8,10,0,7,2,0,1,1,1,2,8,0,0,SP,0
7286,1969,Bachelor,Couple,4172800,1,0,5/24/13,92,13,6,15,3,5,13,1,2,2,10,0,0,AUS,0
7290,1986,Bachelor,Single,7059600,0,0,10/05/12,68,347,44,534,17,0,26,1,3,12,2,0,0,SP,0
7297,1974,Bachelor,Single,750000,1,0,12/26/13,54,5,3,10,12,7,20,4,3,3,7,0,0,SA,0
7300,1953,Bachelor,Single,6914200,0,1,6/29/14,50,448,4,34,6,4,39,3,8,7,5,0,0,IND,1
7301,1983,Master,Single,2361600,1,0,11/17/12,76,4,22,11,3,7,32,2,3,3,8,1,0,SP,0
7313,1950,Master,Single,7485900,0,0,06/03/13,63,570,73,614,133,102,73,1,6,11,3,0,0,CA,1
7321,1963,Bachelor,Couple,7608100,0,0,5/23/14,85,292,30,415,63,33,200,1,4,4,2,0,0,IND,1
7325,1987,Doctorate,Couple,3819700,1,0,6/29/13,86,23,0,11,2,1,3,1,1,3,5,0,0,SP,0
7326,1972,Master,Couple,5685000,0,1,3/23/14,83,34,1,19,2,7,0,1,1,3,2,0,0,CA,0
7327,1960,Doctorate,Couple,3673200,1,1,12/29/13,71,21,5,3,10,1,7,3,1,4,2,0,0,SP,0
7342,1962,Master,Single,5918400,0,1,09/09/12,6,341,142,113,259,151,66,3,6,12,5,0,0,SP,0
7348,1959,Doctorate,Single,7169100,0,0,3/17/14,0,336,130,411,240,32,43,1,4,5,2,1,0,SP,0
7349,1974,High School / Below,Couple,972200,1,0,10/02/12,7,6,17,16,6,16,42,4,3,3,8,1,0,SP,0
7352,1958,Bachelor,Couple,5526700,0,1,10/21/13,28,161,28,136,32,3,45,4,3,6,3,0,0,CA,0
7366,1983,Master,Single,7577700,0,0,07/04/13,12,712,26,538,69,13,80,1,3,11,1,1,0,IND,2
7369,1982,Master,Couple,3695900,1,0,10/02/13,56,25,6,25,6,0,0,2,2,3,8,0,0,SP,0
7373,1953,Doctorate,Single,4661000,0,2,10/29/12,8,96,12,96,33,22,43,6,4,6,6,1,0,AUS,0
7375,1977,Bachelor,Couple,5136900,0,1,10/25/12,84,297,7,79,0,11,182,2,8,4,8,0,0,SA,0
7378,1982,Master,Couple,4202100,1,0,8/31/12,34,393,5,136,7,5,27,5,10,6,9,0,0,SP,1
7381,1969,Bachelor,Single,7569300,0,0,12/06/12,10,797,153,293,72,97,30,1,11,6,4,1,0,SP,3
7384,1952,Master,Couple,3976700,0,0,7/21/13,18,113,61,204,34,26,47,2,7,7,8,0,0,SP,0
7386,1977,Bachelor,Single,3099200,1,0,4/22/13,83,17,0,14,7,3,2,1,1,3,7,0,0,CA,0
7393,1979,Bachelor,Couple,4158000,1,1,12/10/12,15,56,5,24,4,0,3,3,2,3,5,0,0,SP,0
7396,1967,Bachelor,Couple,8039800,0,0,11/10/12,92,342,51,936,207,35,26,1,5,12,3,0,0,SP,1
7397,1952,Bachelor,Single,4909000,0,1,7/19/13,45,494,5,82,7,0,100,3,7,9,7,0,0,SP,0
7408,1953,Doctorate,Couple,5454900,0,1,03/03/14,8,216,2,6,0,0,9,2,5,4,7,0,0,SA,0
7409,1971,Bachelor,Couple,5318700,1,0,10/26/13,66,211,2,30,7,7,10,2,4,6,5,0,0,SP,0
7411,1965,Doctorate,Couple,3168600,1,1,06/05/14,31,11,0,5,0,0,1,2,1,3,6,0,0,SA,0
7414,1972,Bachelor,Couple,4382400,1,1,9/15/12,18,96,1,42,12,3,32,4,3,4,8,0,0,SP,0
7419,1969,Master,Single,2707100,1,0,4/23/14,90,8,3,19,0,2,3,2,2,3,6,0,0,SP,0
7422,1988,Bachelor,Single,4692300,1,0,8/22/12,90,85,44,54,102,78,6,3,5,7,7,0,0,SP,0
7426,1972,Master,Couple,5469000,1,1,11/07/13,76,111,16,37,7,9,18,3,3,5,3,0,0,SP,0
7428,1976,Bachelor,Couple,8014400,0,0,9/30/13,47,240,132,445,250,192,108,1,3,8,1,0,0,AUS,0
7431,1992,Doctorate,Single,6812600,0,0,11/10/12,40,1332,17,311,23,51,86,1,7,5,9,1,0,CA,1
7433,1986,Bachelor,Single,2976000,1,0,8/29/12,87,64,4,68,7,5,17,4,3,4,8,0,0,SP,0
7437,1989,Bachelor,Single,2793800,1,0,4/28/14,31,13,0,8,2,1,5,1,1,4,3,0,0,AUS,0
7441,1974,Bachelor,Single,7112800,1,0,10/06/12,80,958,159,447,20,0,31,3,2,12,7,0,0,US,0
7444,1970,Master,Couple,4216900,1,1,10/19/13,20,19,0,9,0,0,2,2,1,3,8,0,0,SP,0
7446,1968,Master,Couple,6251300,0,1,09/09/13,16,520,42,98,0,42,14,2,6,10,6,0,0,US,0
7451,1961,Master,Single,9877700,0,0,2/17/14,23,1000,19,711,125,115,38,0,4,9,1,0,0,SP,1
7453,1955,Bachelor,Single,3613000,0,1,02/02/13,46,157,43,127,68,56,37,6,3,4,4,1,0,SP,1
7458,1957,Master,Couple,3494100,1,1,03/06/13,26,39,2,25,4,3,24,2,3,3,8,0,0,AUS,0
7462,1955,Bachelor,Single,2250700,0,0,11/24/12,67,68,0,226,51,157,68,3,10,4,9,0,0,CA,0
7476,1965,Master,Single,6397200,0,1,12/02/12,93,928,63,254,0,12,12,4,5,10,4,0,0,SA,1
7485,1951,Doctorate,Single,5655100,1,1,05/07/14,48,67,4,32,17,2,16,3,2,4,4,0,0,SA,0
7488,1964,Master,Single,6419100,0,1,1/22/13,30,420,15,186,151,38,15,3,5,13,3,0,0,SP,0
7494,1951,Doctorate,Single,4287300,1,1,1/21/13,11,209,0,40,3,2,15,4,6,4,8,0,0,CA,0
7495,1949,Doctorate,Couple,5622300,0,1,12/20/13,72,77,28,31,16,0,4,2,2,5,4,0,0,SP,0
7500,1968,Bachelor,Single,7914600,1,1,4/24/14,33,245,16,223,21,43,16,2,8,8,6,0,0,SP,0
7503,1977,Bachelor,Single,7582500,0,0,10/12/12,40,1032,105,779,137,105,51,0,5,9,4,1,0,GER,1
7505,1958,Doctorate,Couple,4415500,1,1,1/19/14,24,22,1,9,0,0,14,1,1,2,4,0,0,SP,0
7514,1957,Master,Couple,5434200,1,1,07/03/13,74,84,10,34,11,10,28,4,3,4,6,0,0,AUS,0
7516,1984,Bachelor,Couple,3009600,1,0,5/22/14,30,5,3,11,12,5,9,1,2,3,6,0,0,GER,0
7521,1953,Bachelor,Couple,8384400,0,0,05/12/13,57,901,31,345,75,31,191,1,4,11,1,0,0,CA,1
7527,1969,Master,Single,2374800,1,0,11/21/12,97,6,6,29,12,15,8,3,2,3,8,0,0,SP,0
7530,1951,Doctorate,Single,5655100,1,1,05/07/14,48,67,4,32,17,2,16,3,2,4,4,0,0,SP,0
7532,1981,Bachelor,Couple,4358600,0,1,8/30/12,26,99,2,11,4,0,16,3,3,4,8,0,0,GER,0
7533,1965,Bachelor,Couple,4909600,1,1,9/24/13,15,144,1,32,2,1,7,4,4,4,7,0,0,CA,0
7540,1953,Bachelor,Couple,5030000,0,1,5/25/14,52,143,15,60,24,23,5,2,2,8,2,0,0,SP,0
7573,1979,Doctorate,Single,3162600,1,0,05/10/13,12,39,1,9,2,1,34,1,2,2,7,1,0,GER,1
7574,1980,Doctorate,Couple,2792200,1,0,05/10/14,80,11,0,13,2,4,11,1,2,3,4,0,0,SA,0
7592,1947,Doctorate,Couple,5101200,0,0,4/18/13,86,102,9,63,2,9,24,1,4,4,6,0,0,SP,0
7600,1993,High School / Below,Single,1525300,1,0,10/28/13,13,1,3,3,8,1,13,2,1,3,7,0,0,CA,0
7610,1984,Bachelor,Couple,3729200,1,0,4/18/13,32,275,0,86,10,23,66,5,6,5,8,0,0,SP,0
7613,1975,Master,Couple,4966900,1,0,5/24/14,97,166,5,107,11,8,29,2,5,6,6,0,0,SP,0
7617,1975,Bachelor,Single,4237300,1,1,8/15/13,83,67,5,61,3,8,19,5,2,5,5,0,0,SP,0
7620,1991,High School / Below,Single,1618500,1,0,08/05/13,71,5,11,16,21,8,45,2,2,2,8,0,0,IND,0
7627,1976,Master,Couple,9216300,0,0,12/12/12,25,817,183,797,106,163,20,0,5,5,2,1,0,SP,2
7628,1974,Master,Couple,4305000,1,0,3/18/14,10,30,5,24,6,3,8,2,2,4,5,0,0,SP,0
7629,1978,Bachelor,Couple,2210800,1,1,05/08/14,46,5,3,9,6,2,6,2,2,3,7,0,0,SP,0
7631,1979,Master,Couple,6134600,1,0,10/06/13,34,562,58,168,43,16,142,1,5,10,3,0,0,IND,0
7646,1990,Bachelor,Single,6444900,1,0,2/18/14,70,218,63,282,137,35,70,4,5,12,4,0,0,SP,0
7660,1974,Doctorate,Single,3586000,1,1,5/19/14,37,15,0,8,4,2,20,2,1,2,5,1,0,CA,1
7679,1986,Doctorate,Single,3029800,0,0,5/19/14,48,6,3,12,6,1,0,1,1,3,3,0,0,SP,0
7683,1969,Master,Couple,7077700,0,1,2/25/14,80,554,35,113,0,7,78,3,5,12,3,0,0,SP,0
7685,1979,Bachelor,Couple,3303900,1,0,09/09/13,4,30,8,12,8,8,12,1,2,4,5,0,0,SP,0
7698,1977,Doctorate,Couple,5165000,0,1,05/11/14,81,152,3,22,2,5,7,1,4,4,5,0,0,IND,0
7699,1970,Bachelor,Single,4059000,1,1,10/02/13,30,154,0,50,6,11,37,5,3,3,6,0,0,CA,1
7706,1976,Master,Couple,4677200,0,1,11/07/12,88,350,104,189,197,151,57,6,11,5,8,0,0,CA,1
7712,1947,Doctorate,Single,6215900,0,0,4/28/14,68,182,17,259,77,70,29,1,6,10,4,0,0,US,0
7718,1948,Master,Couple,6600000,0,0,4/20/14,36,244,51,270,101,0,45,1,1,5,1,0,0,SP,0
7723,1980,Bachelor,Couple,7550700,0,0,05/02/14,56,709,93,374,104,80,80,1,8,6,3,0,0,GER,0
7725,1966,Master,Couple,7680000,0,0,03/08/14,33,173,26,255,35,71,81,1,4,7,1,0,0,IND,0
7732,1979,Bachelor,Couple,6481300,1,0,01/02/14,81,293,0,124,179,97,52,1,7,10,5,0,0,SP,0
7734,1994,Bachelor,Other,7924400,0,0,12/19/12,58,471,102,125,212,61,245,1,4,7,1,1,0,AUS,2
7736,1987,Bachelor,Couple,2251800,1,0,10/22/12,36,11,7,12,2,2,27,2,2,2,5,1,0,SP,1
7755,1955,Doctorate,Couple,5774400,0,1,11/12/13,91,350,3,39,0,0,19,2,9,4,8,0,0,SP,0
7761,1979,Master,Couple,3870200,1,0,08/01/13,71,13,11,24,13,8,40,2,3,4,6,0,0,AUS,0
7786,1987,Doctorate,Single,2999900,1,0,2/13/13,22,68,7,59,10,5,11,4,3,4,8,0,0,SP,0
7787,1961,Bachelor,Couple,6280700,0,1,8/31/12,83,526,28,135,10,21,99,3,5,12,5,0,0,CA,0
7788,1984,Doctorate,Couple,2353600,1,0,06/04/14,53,6,0,3,0,0,1,1,0,3,3,0,0,SP,0
7789,1966,Doctorate,Couple,8461800,0,0,11/22/13,96,684,100,801,21,66,0,1,6,10,2,0,0,SP,1
7791,1968,Master,Couple,3705400,1,1,9/15/13,89,12,1,6,0,1,5,2,1,3,7,0,0,SA,0
7793,1977,Bachelor,Couple,6206100,0,1,8/31/13,12,641,7,84,0,30,38,3,10,7,6,0,0,SP,1
7798,1973,Master,Couple,4634400,0,1,12/14/12,28,233,20,57,8,20,91,4,7,5,7,0,0,CA,0
7801,1960,Bachelor,Couple,5475300,0,1,09/12/13,87,197,107,227,7,59,131,3,5,11,4,0,0,SA,0
7807,1975,Bachelor,Couple,4498900,0,1,09/12/12,26,98,0,106,49,10,106,5,5,5,6,0,0,SP,0
7822,1977,Bachelor,Couple,5405800,0,1,06/04/13,56,198,18,252,32,108,54,2,4,8,3,0,0,SP,0
7828,1982,Master,Couple,7788200,0,0,4/30/14,29,68,129,396,188,22,15,1,3,5,1,0,0,SA,0
7829,1901,Master,Single,3664000,1,0,9/26/13,99,15,6,8,7,4,25,1,2,2,5,0,1,IND,0
7832,1960,Master,Couple,7752000,0,1,8/28/13,30,940,44,396,0,88,58,1,8,7,4,1,0,SP,3
7842,1969,Bachelor,Single,3606500,1,1,3/31/13,54,18,7,34,10,2,3,3,3,3,8,0,0,SP,0
7848,1975,Bachelor,Single,4916600,0,1,6/13/13,17,224,2,25,7,0,110,2,5,3,6,0,0,IND,0
7849,1971,Doctorate,Couple,8033600,0,0,09/09/13,12,209,19,456,160,142,66,1,2,13,1,0,0,SP,0
7851,1950,Bachelor,Single,7016500,0,0,9/22/13,60,161,0,253,199,191,122,1,3,11,1,0,0,SP,0
7861,1953,Master,Couple,7702700,0,1,02/05/14,23,820,57,242,45,0,11,2,8,6,4,0,0,SP,0
7872,1976,Doctorate,Couple,8683600,0,0,09/12/12,7,179,21,273,0,21,63,1,6,6,5,1,0,SP,3
7873,1974,Doctorate,Couple,6351600,1,1,07/06/13,30,141,11,114,15,14,5,4,4,7,5,0,0,CA,0
7875,1950,Bachelor,Couple,7202500,0,0,4/29/14,46,967,0,617,43,50,0,1,4,13,2,1,0,AUS,3
7881,1947,Master,Couple,6683500,0,0,9/28/13,21,620,26,195,34,17,141,1,6,13,2,0,0,SP,0
7892,1970,Bachelor,Single,1858900,0,0,01/02/13,89,6,4,25,15,12,13,2,2,3,7,0,0,US,0
7899,1953,Doctorate,Couple,7761000,0,1,10/29/12,70,1245,33,332,21,33,16,2,4,4,7,0,0,AUS,0
7901,1972,Master,Couple,3410900,0,1,11/06/13,39,9,1,5,2,1,4,1,0,3,4,0,0,AUS,0
7912,1979,Bachelor,Couple,3813600,1,0,4/22/13,69,8,15,27,0,20,33,2,3,2,8,0,0,US,1
7919,1977,Doctorate,Couple,7233500,0,0,8/13/12,2,1285,105,653,28,21,0,1,10,8,8,1,0,SP,0
7922,1952,Doctorate,Single,6495000,0,1,08/12/12,29,819,0,72,12,0,63,2,11,10,7,0,0,SA,1
7930,1970,Master,Single,2687700,0,0,8/19/13,74,101,13,76,20,18,40,2,3,6,6,0,0,SP,0
7937,1983,Bachelor,Couple,2471100,0,0,4/18/14,86,10,7,25,6,3,7,1,3,3,7,0,0,SP,0
7938,1959,Doctorate,Couple,5151800,0,1,10/03/13,92,350,8,66,17,4,4,2,3,10,3,0,0,GER,0
7943,1976,Doctorate,Couple,3666300,1,0,4/25/14,40,18,0,6,3,3,5,1,1,3,2,0,0,SA,0
7947,1970,Bachelor,Couple,4223100,1,1,3/25/14,99,24,0,8,0,1,4,1,1,3,5,0,0,SP,0
7959,1962,Bachelor,Couple,7941000,0,0,5/29/14,19,658,80,483,123,13,13,1,3,5,1,0,0,SP,0
7960,1963,Master,Couple,8212200,0,0,8/15/13,89,734,22,350,151,25,100,1,3,13,1,0,0,SP,1
7962,1988,Doctorate,Single,9516900,0,0,10/09/13,1,1285,21,449,106,20,20,1,4,4,1,1,0,SP,2
7966,1960,Bachelor,Single,8098200,1,1,01/08/13,48,505,137,401,104,22,22,3,11,11,5,0,1,SP,0
7972,1956,Bachelor,Single,7290600,0,0,9/17/13,79,400,32,519,71,75,54,1,3,9,1,0,0,SP,0
7987,1970,Bachelor,Couple,6574700,0,1,03/07/14,96,346,17,48,23,13,13,4,8,6,6,0,0,CA,1
7990,1948,Bachelor,Couple,2746900,0,0,08/02/12,2,9,1,2,3,2,0,1,0,3,6,0,0,CA,0
7998,1959,Bachelor,Couple,2808700,1,1,12/11/12,77,53,8,17,13,0,21,3,2,2,7,0,0,IND,0
7999,1956,Doctorate,Couple,7526100,0,0,4/23/13,17,1239,17,413,23,34,17,1,5,5,2,1,0,SP,2
8008,1984,Bachelor,Couple,3607500,1,0,12/09/13,54,46,0,30,12,1,30,1,2,4,6,0,0,SP,0
8015,1963,Doctorate,Single,8569600,0,0,05/03/13,88,714,76,395,116,0,12,1,4,9,1,1,0,SP,0
8017,1982,Master,Couple,5111100,1,1,6/19/14,83,22,0,19,6,5,3,2,2,3,6,0,0,SA,0
8026,1953,Bachelor,Couple,6299800,0,1,9/30/13,10,120,58,73,65,89,58,5,5,5,5,0,0,CA,0
8029,1989,Master,Single,9024700,0,0,4/29/14,27,1184,32,352,21,16,16,1,3,7,1,1,0,US,3
8036,1972,Master,Couple,2685000,1,1,4/18/14,10,31,1,13,7,2,9,4,2,4,4,0,0,SP,0
8041,1972,Doctorate,Single,4711100,0,1,09/08/12,35,595,71,153,120,112,41,6,3,10,9,0,0,SA,0
8070,1974,Doctorate,Couple,5422200,0,1,03/01/14,98,199,12,31,3,12,7,1,3,5,3,0,0,SP,0
8079,1983,Bachelor,Couple,2244800,1,0,2/26/14,86,3,1,8,23,2,18,3,2,3,3,0,0,SA,0
8080,1987,Bachelor,Single,2681600,0,0,8/17/12,50,5,1,6,3,4,3,1,0,3,4,0,0,IND,0
8082,1972,Bachelor,Couple,2572100,1,0,5/21/13,75,1,3,6,3,6,15,1,1,2,7,1,0,AUS,0
8086,1960,Bachelor,Couple,4224300,1,1,12/11/13,34,48,0,2,0,0,5,2,2,3,7,0,0,SA,0
8091,1957,Bachelor,Couple,6394300,0,1,09/02/12,50,423,184,368,13,97,21,1,6,6,5,0,0,IND,0
8093,1970,Master,Couple,7973400,0,0,6/28/14,72,572,8,232,23,62,17,1,4,6,1,0,0,SP,1
8104,1952,Doctorate,Couple,5331200,0,0,08/09/13,32,241,0,12,0,0,25,1,5,5,7,0,0,SP,0
8132,1976,Doctorate,Couple,6063100,1,1,04/05/13,88,565,6,65,0,6,19,5,9,8,7,0,0,GER,1
8135,1987,Master,Couple,2716100,1,0,10/28/13,41,7,4,23,7,0,11,1,1,3,7,0,0,SA,0
8140,1974,Bachelor,Couple,2268200,1,0,10/03/13,51,10,14,29,4,2,36,3,2,4,4,0,0,AUS,0
8143,1986,Doctorate,Single,3792900,0,0,7/30/13,49,202,2,46,3,2,10,2,4,5,7,1,0,SP,2
8146,1977,Master,Couple,4610600,1,1,05/11/14,84,30,0,8,2,0,14,1,1,2,6,0,0,SA,0
8147,1961,Bachelor,Couple,3145400,1,1,07/06/13,40,28,0,11,0,0,9,3,2,3,8,0,0,SP,0
8148,1957,Master,Couple,5089800,1,1,01/08/13,88,285,28,242,55,114,135,13,6,12,5,0,0,SA,0
8151,1991,High School / Below,Couple,2427900,0,0,12/29/12,6,16,36,21,20,62,108,1,4,3,8,0,0,SP,0
8159,1969,Bachelor,Couple,5128700,1,1,04/01/14,10,117,0,22,13,0,30,3,4,3,7,0,0,SP,0
8162,1957,Master,Couple,1466100,0,0,01/01/13,88,4,1,11,6,2,2,1,1,3,6,0,0,SP,0
8164,1979,Doctorate,Couple,8217000,0,0,11/25/13,13,1023,93,651,49,55,37,1,5,7,2,0,0,SA,0
8175,1993,Bachelor,Couple,3493500,0,0,6/21/13,71,34,4,66,3,10,20,1,2,4,7,0,0,SA,0
8180,1953,Master,Single,5935400,1,1,11/15/13,53,233,2,53,3,5,14,3,6,5,6,0,0,US,0
8181,1979,Master,Single,3859300,1,0,9/13/13,42,51,12,49,17,24,24,3,4,3,8,0,0,SP,0
8182,1985,Bachelor,Couple,2322800,1,0,01/05/14,91,53,3,49,7,4,5,4,3,4,8,0,0,CA,0
8204,1972,Master,Couple,7804100,0,0,12/16/12,93,482,35,553,72,160,17,1,4,9,2,0,0,GER,0
8207,1958,Master,Couple,5323300,0,1,3/18/14,18,28,0,9,3,0,0,1,1,3,4,0,0,CA,0
8210,1976,Master,Couple,5473000,0,1,8/15/13,64,318,3,17,4,7,56,5,4,8,4,0,0,SP,0
8212,1972,Master,Couple,3979100,0,1,3/28/13,89,85,15,27,13,13,21,2,3,4,7,0,0,SP,0
8213,1981,Master,Couple,1451500,1,0,11/09/12,71,6,4,9,6,36,35,4,2,3,7,1,0,SP,0
8216,1973,Master,Couple,5376100,1,1,10/11/13,7,158,0,76,13,7,71,6,4,3,5,0,0,AUS,0
8230,1981,Bachelor,Couple,3322800,1,0,1/23/14,28,22,2,31,7,4,5,1,2,3,7,0,0,SP,0
8233,1951,Master,Single,6486600,0,1,1/26/14,9,508,5,21,7,5,10,4,7,7,5,0,0,CA,1
8234,1974,High School / Below,Couple,2719000,1,0,8/15/13,13,1,6,7,0,1,3,1,1,2,8,1,0,SP,1
8235,1957,Master,Couple,6924500,0,1,1/24/14,8,428,30,214,80,30,61,2,6,10,3,0,0,SA,0
8254,1975,Doctorate,Couple,3459600,1,0,4/13/13,48,14,0,2,0,0,7,1,1,2,8,0,0,GER,0
8275,1966,Doctorate,Single,4702500,1,1,02/09/14,6,16,0,3,0,0,1,1,1,2,7,0,0,SP,0
8278,1991,Doctorate,Couple,7421400,0,0,8/26/12,3,863,83,547,86,99,33,1,8,5,5,0,0,SP,0
8286,1966,Doctorate,Couple,5171700,0,1,8/20/13,55,98,1,17,0,1,5,1,3,4,7,0,0,SA,1
8299,1990,Doctorate,Single,3399600,0,0,09/11/13,46,40,2,15,8,0,6,1,1,3,4,0,0,SA,0
8310,1965,Bachelor,Couple,6814200,0,1,8/29/12,96,897,126,196,91,112,37,3,10,7,6,0,0,SP,0
8312,1962,High School / Below,Couple,2824900,0,0,6/15/14,80,1,9,7,2,14,10,1,2,3,6,0,0,SP,0
8314,1983,Bachelor,Couple,7990800,0,0,04/05/13,30,557,129,761,29,185,111,1,5,7,2,0,0,SP,1
8315,1996,Bachelor,Single,3482400,0,0,3/26/14,65,4,2,11,2,0,4,1,1,2,6,0,0,US,0
8318,1980,Bachelor,Couple,9030000,0,0,01/03/14,7,594,134,786,33,134,57,0,5,8,1,0,0,SP,1
8334,1972,Master,Single,3331600,1,1,10/04/13,34,79,1,31,4,4,12,3,2,4,6,0,0,SP,0
8341,1970,Doctorate,Couple,3039600,1,0,4/30/14,22,15,0,6,0,1,12,2,1,2,7,1,0,SP,1
8346,1975,Bachelor,Single,3223300,1,0,8/19/12,26,138,15,35,25,11,72,2,6,2,9,1,0,SP,1
8360,1972,Master,Couple,5469000,1,1,11/07/13,76,111,16,37,7,9,18,3,3,5,3,0,0,SP,0
8362,1983,Doctorate,Couple,8416900,0,0,08/07/13,9,1478,19,403,0,19,0,1,7,6,3,1,0,SA,2
8369,1988,Bachelor,Couple,1822700,1,0,11/08/12,21,1,2,7,4,3,11,1,0,2,8,0,0,SP,0
8370,1977,Master,Couple,7548400,0,1,08/02/12,50,378,97,259,197,194,34,2,7,6,4,0,0,CA,0
8372,1975,Bachelor,Couple,3442100,1,0,07/01/13,81,3,3,7,6,2,9,1,1,2,7,0,0,SA,0
8373,1980,High School / Below,Couple,2459400,1,0,12/10/13,94,1,3,6,10,0,9,1,1,3,5,0,0,CA,0
8375,1969,Doctorate,Couple,5595400,0,1,03/03/14,63,447,0,28,0,0,43,3,8,6,7,0,0,AUS,0
8387,1958,Bachelor,Couple,4314000,0,1,01/05/13,68,134,8,76,6,0,11,1,4,5,6,0,0,SP,0
8395,1962,Bachelor,Single,8201400,0,0,8/20/12,48,980,37,265,35,163,31,1,3,12,6,1,0,SA,0
8397,1952,Bachelor,Couple,4468900,1,1,01/10/14,82,18,0,5,0,0,11,2,1,2,7,0,0,SP,1
8402,1954,Master,Couple,6708700,0,1,12/17/13,40,329,35,222,130,35,43,2,7,8,4,0,0,AUS,0
8405,1980,Bachelor,Single,6827400,1,1,9/30/13,83,135,25,51,23,25,46,2,4,5,3,0,0,SA,0
8414,1963,Doctorate,Single,3341900,0,1,8/17/13,76,56,0,12,0,0,18,2,2,4,7,0,0,SP,0
8416,1982,Bachelor,Couple,2900900,1,0,11/29/13,19,6,6,15,10,5,2,2,2,3,6,0,0,US,0
8418,1959,Master,Single,3874100,1,1,3/30/14,60,7,10,17,8,6,13,2,2,3,7,0,0,GER,0
8420,1971,Master,Couple,1531500,0,0,08/03/13,27,7,4,13,15,8,17,2,2,4,5,0,0,SP,0
8427,1957,Master,Single,6485700,0,0,11/23/12,78,556,14,717,210,0,43,1,7,10,4,0,0,SP,0
8430,1958,Bachelor,Couple,2199400,0,1,12/24/12,4,9,0,6,3,1,3,1,0,3,5,0,0,AUS,0
8432,1957,Bachelor,Couple,5445000,1,1,9/14/12,0,454,0,171,8,19,32,12,9,8,8,0,0,SP,0
8439,1965,Bachelor,Couple,6340400,0,2,06/06/14,97,734,26,70,11,44,17,2,6,4,4,0,0,SP,1
8442,1986,Master,Couple,1951000,2,0,09/04/13,63,9,0,7,3,4,7,2,1,3,7,0,0,CA,0
8443,1973,Bachelor,Single,2476200,1,0,02/10/14,16,6,10,12,3,15,40,3,3,2,8,1,0,SA,1
8461,1963,Bachelor,Single,4610200,2,1,03/10/14,3,14,0,1,0,0,1,1,1,2,7,0,0,SP,0
8462,1979,High School / Below,Couple,2488200,1,0,09/09/12,52,1,4,10,29,0,36,1,1,2,6,0,0,SP,1
8475,1974,Doctorate,Couple,15724300,0,1,03/01/14,98,20,2,1582,1,2,1,15,0,0,0,0,0,IND,0
8477,1957,Bachelor,Single,2615000,2,1,03/11/13,61,5,1,13,3,5,1,1,1,3,7,0,0,SP,0
8486,1972,Master,Couple,3053800,1,0,10/01/12,27,284,0,52,8,3,20,4,9,4,10,0,0,SP,0
8492,1979,Bachelor,Couple,7543700,0,0,11/09/13,25,795,0,545,95,58,0,1,8,10,6,0,0,SP,1
8504,1974,Bachelor,Couple,7959300,0,0,05/12/14,70,350,60,568,110,133,145,1,5,7,2,0,0,GER,1
8514,1977,Bachelor,Couple,2947800,1,0,1/17/14,59,8,0,7,3,1,1,1,1,3,6,0,0,SP,0
8523,1969,Bachelor,Couple,1932900,1,0,12/14/13,39,24,1,16,12,2,5,3,4,3,8,0,0,CA,0
8524,1975,Doctorate,Single,2550900,1,0,9/18/12,15,40,3,30,10,7,11,3,3,3,9,1,0,SP,0
8527,1966,Master,Couple,6573500,1,1,12/07/13,37,239,7,119,4,15,11,5,6,6,7,0,0,SP,0
8534,1953,Bachelor,Couple,6743300,0,2,7/16/13,51,615,28,259,12,48,30,4,6,13,4,0,0,SP,1
8537,1950,Bachelor,Single,7264300,0,0,2/27/13,60,526,80,553,123,94,53,1,3,7,2,1,0,SP,1
8541,1991,Master,Couple,2468300,1,0,03/08/14,98,8,4,10,6,7,6,2,2,4,5,0,0,SP,0
8545,1955,Bachelor,Single,8568300,0,0,3/21/14,6,1296,17,311,45,69,51,1,2,10,1,1,0,SP,4
8553,1966,Bachelor,Couple,4430000,1,1,6/23/13,65,30,0,9,0,0,3,2,1,3,6,0,0,SP,0
8560,1993,Bachelor,Single,4878900,0,0,09/10/12,94,351,16,156,7,5,145,1,6,7,6,0,0,CA,0
8562,1970,Bachelor,Couple,5416500,0,0,5/28/13,72,127,4,73,15,6,11,1,2,7,2,0,0,SP,0
8566,1962,Doctorate,Couple,3258300,1,1,6/15/14,10,5,0,3,0,0,1,1,1,2,7,0,0,SP,0
8581,1972,Master,Couple,4950500,1,1,03/05/13,4,604,0,100,19,0,28,9,10,8,8,0,0,SP,0
8584,1953,Doctorate,Couple,8543100,0,0,06/08/13,54,376,53,462,168,53,53,1,2,7,0,0,0,SP,0
8588,1962,Bachelor,Couple,6054400,1,1,8/25/12,92,201,2,43,3,5,35,4,5,5,6,0,0,GER,0
8594,1959,Doctorate,Single,5052000,0,1,1/28/14,25,112,0,6,2,1,14,2,3,3,6,0,0,SP,0
8595,1974,Bachelor,Single,4242900,0,1,02/11/14,99,55,0,6,2,0,4,2,1,3,5,0,0,AUS,0
8601,1981,Bachelor,Couple,8001100,0,1,4/29/13,3,421,76,536,82,178,102,2,8,5,4,0,0,AUS,0
8602,1965,Bachelor,Single,6993200,0,1,06/12/13,97,412,172,153,150,105,57,2,7,11,4,0,0,SP,0
8605,1965,Doctorate,Couple,4691000,1,1,3/23/14,36,48,0,14,0,0,6,2,2,3,6,0,0,SP,0
8614,1958,Bachelor,Single,6548600,0,1,05/12/14,29,245,19,125,37,67,14,1,4,10,2,0,0,AUS,0
8619,1958,Bachelor,Couple,2199400,0,1,12/24/12,4,9,0,6,3,1,3,1,0,3,5,0,0,SP,0
8624,1959,Bachelor,Couple,8132000,0,0,02/06/13,61,183,33,493,59,103,57,1,4,10,2,0,0,SA,0
8625,1977,Bachelor,Couple,1764900,1,0,11/12/13,70,15,1,23,0,5,1,3,3,3,8,0,0,US,0
8629,1957,Bachelor,Single,4698400,1,1,3/26/13,71,19,1,10,2,1,8,1,1,3,5,0,0,CA,0
8643,1972,Bachelor,Couple,6993000,0,0,5/26/13,21,252,98,827,219,70,196,1,4,12,3,0,0,IND,0
8650,1979,Bachelor,Single,5416200,1,1,3/18/13,31,5,6,10,6,5,10,1,1,3,4,0,0,SP,0
8652,1947,Bachelor,Couple,3776000,0,0,8/31/12,20,84,5,38,150,12,28,2,4,6,7,0,0,SA,0
8659,1953,Doctorate,Couple,6980500,0,1,1/21/14,50,750,71,174,13,10,20,2,6,11,2,0,0,GER,0
8663,1975,Bachelor,Single,3999600,1,1,5/22/14,85,11,0,3,0,0,1,1,1,2,6,0,0,AUS,0
8685,1978,Bachelor,Couple,4201400,1,0,8/17/12,56,244,15,108,4,15,50,6,7,6,8,1,0,SA,0
8686,1980,High School / Below,Couple,2372400,1,0,01/08/13,65,5,23,15,0,18,14,2,2,3,8,0,0,SP,0
8687,1979,Bachelor,Couple,5317200,0,1,05/06/13,54,121,62,90,68,20,125,3,2,8,3,0,0,IND,0
8690,1963,Bachelor,Couple,8611100,0,0,4/19/13,73,399,28,756,36,40,126,1,5,10,2,0,0,CA,0
8692,1953,Bachelor,Couple,4346200,1,1,09/12/12,50,90,17,97,15,6,15,6,4,5,8,0,0,SP,0
8700,1987,High School / Below,Single,1490600,0,0,12/22/12,86,7,7,14,7,16,15,3,2,3,7,0,0,SA,0
8702,1977,Master,Couple,2690700,1,1,8/20/13,10,9,1,7,0,3,2,2,1,3,7,0,0,AUS,0
8707,1957,Bachelor,Couple,7945600,0,0,8/22/12,12,565,42,548,64,83,99,1,5,4,3,1,0,SP,0
8717,1976,Doctorate,Couple,8042700,0,1,09/12/12,56,1149,71,449,69,71,26,1,11,8,5,0,0,IND,0
8722,1958,Master,Couple,8234700,0,0,11/06/12,38,556,54,845,202,133,63,1,7,10,3,1,0,CA,2
8724,1983,Bachelor,Single,2856700,1,0,6/17/13,57,11,3,22,2,2,6,2,2,3,6,0,0,SP,0
8726,1965,Master,Single,4171300,1,1,4/29/14,57,77,8,44,10,10,25,5,3,4,6,0,0,CA,0
8727,1979,Bachelor,Single,6369300,0,1,10/14/13,63,587,43,337,42,87,54,3,11,9,6,0,0,SA,0
8732,1970,Master,Single,6736900,0,1,11/17/12,81,1298,0,70,37,14,42,4,7,10,4,1,0,SP,2
8737,1979,Bachelor,Single,5556300,0,1,04/05/14,22,29,1,9,2,0,2,1,2,3,3,0,0,SP,0
8746,1990,Bachelor,Couple,7543300,1,0,04/05/14,28,800,0,297,0,34,57,2,2,10,6,0,0,SP,2
8749,1985,Bachelor,Couple,3723500,1,0,02/01/14,68,20,2,9,4,6,20,1,1,2,4,0,0,SP,0
8754,1975,Doctorate,Couple,4506800,0,1,5/16/13,25,14,0,3,0,0,3,1,1,2,7,0,0,SP,0
8755,1947,Master,Couple,6865700,0,0,2/20/13,4,482,34,471,119,68,22,1,3,9,7,0,0,AUS,0
8773,1972,Master,Couple,5742000,0,1,6/25/13,22,280,0,18,0,0,24,3,5,6,7,0,0,US,1
8775,1970,Bachelor,Couple,3836100,1,0,12/27/13,74,39,0,56,20,8,14,3,3,3,7,0,0,AUS,0
8779,1986,Master,Couple,3614500,1,0,6/16/13,13,56,4,76,17,1,18,4,4,3,9,1,0,US,1
8780,1951,Doctorate,Couple,5929200,0,1,6/13/13,71,378,14,68,19,14,14,2,3,8,3,0,0,SP,0
8783,1951,Bachelor,Couple,5704500,0,1,09/08/12,40,296,13,104,11,13,17,3,4,9,3,0,0,AUS,0
8786,1957,Master,Couple,6205800,0,1,5/26/13,52,301,7,74,10,0,58,4,6,7,6,0,0,GER,0
8789,1990,Master,Couple,5906000,1,0,01/11/14,77,35,40,111,36,40,12,3,3,7,4,0,0,SP,0
8799,1985,Doctorate,Couple,3817500,1,0,9/23/13,6,70,6,69,2,3,3,3,3,4,7,0,0,SP,0
8800,1944,Doctorate,Single,4894800,0,0,02/01/13,53,437,8,206,160,49,42,2,7,5,6,1,0,SA,1
8805,1961,Bachelor,Single,4890400,0,1,12/02/12,1,283,10,38,0,13,27,4,7,4,8,0,0,US,0
8812,1980,Master,Single,1353300,1,0,03/10/13,45,12,3,8,8,0,17,2,2,3,7,0,0,SP,0
8825,1963,Bachelor,Couple,5119500,1,1,04/01/13,46,230,14,156,82,24,58,8,9,5,8,0,0,SA,0
8832,1977,Master,Couple,3750900,1,0,09/12/12,24,37,5,56,12,8,5,2,3,4,7,0,0,GER,0
8842,1972,Bachelor,Single,3037200,1,1,12/25/12,33,15,0,12,7,3,7,3,2,3,7,0,0,SP,0
8852,1977,Bachelor,Couple,6106400,0,1,8/31/12,80,387,126,342,0,45,180,5,8,11,6,0,0,SP,0
8858,1973,Doctorate,Couple,4432500,0,1,03/07/13,69,516,0,21,0,0,5,4,8,7,8,0,0,CA,1
8867,1989,Doctorate,Couple,6754600,0,0,8/31/12,90,864,134,768,150,38,172,1,4,5,3,0,0,SA,0
8870,1985,Bachelor,Couple,3519600,1,0,11/13/12,68,75,12,141,43,39,187,6,6,5,8,1,0,SP,0
8876,1964,Doctorate,Couple,3362900,1,1,08/08/12,49,132,0,16,0,0,4,5,3,4,9,0,0,SP,0
8890,1972,Doctorate,Single,6580800,1,1,5/30/14,1,155,7,80,13,7,10,3,5,5,6,0,0,SP,0
8895,1986,Bachelor,Single,7059600,0,0,10/05/12,68,347,44,534,17,0,26,1,3,12,2,0,0,SP,0
8897,1966,Bachelor,Single,4272000,1,1,4/24/13,9,392,5,91,28,26,112,8,7,7,8,1,0,GER,0
8908,1960,Bachelor,Couple,8719500,0,0,05/08/14,35,217,76,690,50,26,38,1,3,5,1,1,0,CA,0
8910,1956,Bachelor,Couple,4258600,1,1,10/29/12,7,194,2,56,0,0,0,5,4,6,8,1,0,SP,0
8911,1968,Doctorate,Couple,5632000,0,1,04/08/13,11,201,53,172,116,77,83,3,5,9,4,0,0,SP,0
8916,1976,Bachelor,Single,3662700,2,0,7/23/13,78,9,1,5,0,0,1,1,0,3,5,0,0,SA,0
8920,1968,Master,Single,5923500,1,0,01/12/13,4,448,40,469,80,0,91,3,11,12,7,0,0,IND,0
8923,1974,Bachelor,Single,8391700,0,0,4/18/13,12,514,22,732,42,198,79,1,6,7,3,1,0,SP,0
8925,1966,Master,Couple,7005300,0,1,07/03/13,38,512,53,98,81,179,89,3,8,10,5,0,0,SP,0
8931,1987,Bachelor,Couple,8303300,1,0,5/18/14,82,812,99,431,237,149,33,1,11,10,5,0,0,SA,1
8932,1970,Master,Couple,6517600,0,1,10/29/12,57,960,28,183,220,70,70,4,9,6,6,0,0,SA,0
8933,1984,Master,Couple,3214600,1,0,05/12/14,16,26,3,23,4,7,3,2,2,4,6,0,0,CA,0
8939,1960,Bachelor,Single,6125000,0,1,12/16/12,49,382,138,65,60,26,59,6,5,12,5,0,0,SP,0
8945,1971,Bachelor,Single,5413700,0,1,8/16/13,46,171,0,11,0,1,20,2,4,4,6,0,0,SA,0
8952,1954,Master,Couple,6556900,0,1,11/05/12,96,397,46,288,20,38,70,2,6,10,3,0,0,SP,0
8953,1966,Master,Single,3579100,2,1,05/06/13,94,27,0,5,0,0,3,2,1,3,8,0,0,SP,0
8955,1958,Doctorate,Couple,4045100,0,2,2/16/14,54,35,0,4,0,0,10,1,1,2,5,0,0,SP,1
8957,1953,Master,Single,6483100,1,1,06/10/13,51,480,86,249,75,86,144,8,6,5,6,0,0,SA,0
8962,1976,Master,Couple,4431900,1,1,4/17/14,18,26,0,8,0,0,3,2,2,3,5,0,0,SA,0
8969,1978,Bachelor,Couple,7185500,0,1,1/16/13,59,548,31,422,0,112,28,4,5,11,3,0,0,SA,0
8970,1973,Doctorate,Couple,6201000,0,1,10/23/12,93,371,22,39,6,0,92,4,6,7,5,0,0,SP,0
8975,1969,Bachelor,Couple,1951400,1,1,1/26/14,47,14,3,21,2,1,28,4,3,2,8,0,0,SP,1
8977,1986,High School / Below,Single,1658100,0,0,01/12/13,51,1,3,4,2,3,11,1,0,3,4,0,0,SP,0
8985,1965,Master,Couple,6831600,0,1,11/04/12,54,806,80,161,120,11,33,5,10,10,6,0,0,SP,0
9010,1973,Master,Couple,8315100,0,0,02/10/13,80,968,147,842,137,42,210,1,5,10,2,1,0,SP,3
9014,1976,Bachelor,Couple,3708500,1,1,6/26/14,65,39,1,16,2,0,3,4,3,3,8,0,0,IND,0
9029,1973,Doctorate,Couple,7011600,0,0,1/26/13,73,707,44,603,95,58,29,1,2,12,1,0,0,SP,0
9058,1956,Bachelor,Single,7980000,0,0,9/23/12,65,1060,21,530,32,0,224,1,5,5,3,1,0,SP,3
9064,1983,Bachelor,Couple,6910900,0,0,11/09/12,10,823,25,459,124,29,95,1,6,7,4,1,0,SP,1
9076,1981,Doctorate,Couple,3073200,1,0,01/05/13,44,155,1,25,0,1,3,4,4,4,8,0,0,SA,0
9080,1973,Doctorate,Single,3857800,1,1,6/22/13,2,38,4,22,3,3,3,3,3,3,8,0,0,SP,0
9081,1989,Bachelor,Single,2051800,1,0,5/18/14,58,4,1,6,4,1,9,1,1,2,5,0,0,SP,0
9094,1956,Master,Couple,6297200,0,1,08/03/12,39,313,15,47,20,0,192,2,7,3,6,1,0,SP,0
9097,1957,Bachelor,Single,4608600,0,1,11/03/13,34,244,8,32,7,2,50,4,3,8,4,0,0,SP,0
9119,1951,Bachelor,Couple,6090500,0,1,12/05/13,27,208,17,76,36,17,38,2,3,7,2,0,0,US,0
9120,1963,Bachelor,Single,6656500,0,1,12/05/12,80,747,10,161,65,40,42,4,4,9,8,0,0,SP,0
9121,1973,Bachelor,Couple,8013400,1,0,5/20/13,40,1218,16,272,104,0,80,2,5,6,6,1,0,AUS,3
9135,1951,Bachelor,Couple,2720300,1,1,08/06/12,92,13,2,21,4,0,24,2,1,2,8,0,0,SP,0
9140,1961,Master,Couple,5052300,1,1,12/25/13,89,51,4,24,4,7,1,2,2,4,6,0,0,US,0
9145,1973,Bachelor,Single,7250400,0,1,04/06/13,43,604,26,470,123,161,94,2,5,6,2,0,0,CA,0
9150,1964,Doctorate,Single,4891800,1,1,04/12/14,21,52,0,9,0,0,1,2,1,4,4,0,0,SP,0
9153,1965,Doctorate,Couple,5930400,0,1,7/29/13,81,418,61,428,80,51,10,3,7,10,5,0,0,SP,0
9166,1969,Bachelor,Couple,6396700,0,1,08/09/13,57,387,84,141,73,35,162,3,4,12,2,0,0,SP,0
9167,1957,Bachelor,Couple,6713100,0,1,3/26/13,72,465,71,250,93,35,62,3,9,12,6,0,0,SP,0
9185,1967,Doctorate,Single,6975900,0,0,10/28/13,38,452,20,514,13,30,0,3,4,5,3,1,0,SP,0
9197,1954,Bachelor,Couple,3972200,0,1,2/24/14,92,32,0,5,2,0,8,2,2,3,5,0,0,SP,0
9204,1971,Bachelor,Single,6673100,0,1,09/12/12,33,371,159,194,58,106,141,4,4,6,3,0,0,SP,0
9206,1969,Bachelor,Couple,7738200,0,1,01/07/14,36,491,48,231,112,105,134,2,5,12,1,0,0,SP,1
9209,1972,Master,Couple,8057300,0,0,10/14/12,85,829,138,430,60,92,15,1,4,13,2,0,0,SA,0
9212,1963,Master,Couple,7282800,0,1,2/14/13,17,1205,0,235,19,14,205,6,6,13,7,0,0,SP,0
9213,1971,Bachelor,Single,3188000,1,0,10/31/12,13,4,1,5,2,0,3,1,1,2,8,0,0,SP,0
9214,1992,Bachelor,Couple,4269100,0,0,8/16/13,48,179,2,64,38,17,58,1,5,6,5,0,0,SP,0
9215,1981,Doctorate,Couple,4397400,1,0,12/12/12,19,378,0,101,0,0,72,5,6,6,7,0,0,CA,0
9216,1972,Bachelor,Couple,3578800,1,1,1/23/14,34,23,2,11,3,1,4,2,2,3,6,0,0,CA,0
9220,1972,Bachelor,Single,9170000,0,0,1/17/13,58,576,172,961,125,115,19,1,8,5,3,1,0,SP,0
9224,1973,Doctorate,Single,5526000,0,1,12/12/12,81,825,8,53,11,0,242,2,8,5,6,0,0,SA,0
9239,1962,Master,Couple,6192300,0,2,7/26/13,94,92,4,18,3,3,6,1,2,4,3,0,0,US,0
9240,1972,Doctorate,Single,6050400,0,1,02/07/14,73,458,0,24,6,4,34,2,6,8,6,0,0,SP,0
9242,1991,Bachelor,Single,6450900,0,0,8/17/13,19,836,185,575,24,25,77,1,6,9,4,1,0,SA,1
9246,1986,Master,Couple,4010100,1,0,10/14/12,73,171,3,129,26,24,62,4,6,6,7,0,0,IND,0
9256,1972,Bachelor,Single,5835000,0,1,01/04/13,5,493,26,206,116,80,80,4,8,12,6,0,0,SP,0
9260,1946,Doctorate,Couple,7035600,0,0,11/05/12,20,1349,16,249,43,16,33,2,10,9,6,0,0,CA,0
9262,1985,Master,Couple,3241400,0,0,07/04/13,11,20,6,5,0,9,12,1,1,3,7,0,0,SA,1
9264,1987,Bachelor,Couple,7952900,0,0,4/27/14,1,423,42,706,73,197,197,1,4,9,2,0,0,CA,0
9265,1954,Bachelor,Couple,7502700,0,1,01/09/13,74,925,64,179,133,12,77,2,9,6,5,0,0,SA,0
9274,1962,Master,Couple,8095000,0,0,3/28/13,44,525,147,112,219,147,63,1,6,9,2,0,0,SA,1
9283,1979,Bachelor,Single,6019900,1,2,09/12/13,49,8,1,7,2,0,0,1,0,3,4,0,0,CA,0
9284,1959,Bachelor,Couple,5397700,0,1,06/08/13,21,620,16,165,0,24,82,5,5,12,5,0,0,SP,0
9286,1961,Master,Couple,8315100,0,0,10/10/12,93,407,28,100,120,74,18,1,5,4,3,0,0,SP,0
9289,1980,Bachelor,Couple,3678100,1,0,04/10/14,16,29,1,17,0,3,13,1,2,2,8,1,0,SP,0
9291,1960,Master,Couple,3424200,0,1,3/23/14,25,8,2,4,0,0,1,1,0,3,5,0,0,SP,0
9292,1953,Bachelor,Couple,8179500,0,0,10/26/12,74,324,132,693,27,118,88,1,4,7,2,0,0,SP,0
9298,1948,Doctorate,Couple,8157400,0,0,4/28/14,89,1252,0,465,46,35,0,1,4,8,1,0,0,SA,2
9303,1977,Bachelor,Couple,530500,0,1,7/30/13,12,12,4,7,1,3,5,0,1,0,13,0,0,IND,0
9305,1977,Master,Single,7968900,0,0,05/12/13,65,311,26,640,180,37,121,1,4,13,2,0,0,SP,0
9308,1955,Bachelor,Couple,6282000,0,0,05/11/13,51,398,61,265,138,61,53,1,3,6,1,0,0,SA,0
9316,1953,High School / Below,Couple,1308400,0,0,11/02/13,29,2,0,7,3,7,10,1,1,3,6,0,0,US,0
9323,1950,Master,Couple,4991200,0,1,09/07/12,5,520,8,223,32,49,42,4,10,7,8,1,0,ME,1
9336,1970,Doctorate,Single,6218700,0,1,3/22/14,38,512,0,83,0,0,41,3,6,10,4,0,0,SP,0
9347,1957,Master,Couple,5094300,0,1,6/21/13,49,31,0,7,2,0,6,1,1,3,5,0,0,SP,0
9349,1986,Bachelor,Couple,9253300,0,0,12/19/13,84,693,21,118,110,147,42,1,6,11,2,0,0,GER,2
9353,1960,Bachelor,Single,6245000,0,1,01/06/14,61,515,47,267,62,66,38,2,5,4,3,0,0,IND,1
9360,1983,Bachelor,Couple,3704000,0,0,08/08/12,41,86,2,73,69,38,48,1,4,5,8,0,0,US,0
9362,1966,Bachelor,Single,6926300,0,1,03/05/14,14,492,5,32,13,5,21,1,9,7,6,0,0,CA,1
9365,1977,Doctorate,Single,6000000,0,1,12/22/12,57,1048,0,217,0,0,12,5,11,5,6,0,0,SP,0
9369,1980,Master,Single,8819400,0,1,3/19/14,19,688,14,309,201,24,38,1,11,10,5,1,0,GER,2
9370,1946,Doctorate,Couple,6584600,0,0,5/17/13,68,562,81,276,80,40,81,1,6,6,4,0,0,CA,0
9381,1979,Bachelor,Couple,6637300,1,1,06/12/13,57,328,9,124,12,24,109,7,4,10,3,0,0,AUS,0
9384,1979,Bachelor,Couple,6637300,1,1,06/12/13,57,328,9,124,12,24,109,7,4,10,3,0,0,AUS,0
9386,1963,Bachelor,Couple,5012700,0,1,5/29/14,88,274,0,21,4,6,15,1,5,6,6,0,0,SP,1
9392,1972,Bachelor,Single,2695400,1,0,05/08/14,17,4,1,11,0,0,1,1,1,2,7,0,0,SP,0
9396,1979,Doctorate,Couple,3771700,1,0,11/23/12,31,9,0,6,4,1,5,1,1,2,9,0,0,SA,0
9400,1959,Master,Single,8548500,0,0,6/21/14,73,630,26,611,44,18,54,1,6,6,2,0,0,SP,0
9405,1955,Doctorate,Couple,5286900,1,1,10/15/12,40,84,3,61,2,1,21,3,3,4,7,1,0,SA,0
9422,1990,Bachelor,Couple,3836000,1,0,5/31/13,26,36,2,42,20,21,10,2,2,4,3,0,0,AUS,0
9423,1980,Master,Couple,3276500,1,0,2/23/14,49,13,3,17,7,3,3,2,2,4,5,0,0,SP,0
9426,1965,Master,Single,5830800,0,1,01/12/13,77,691,0,69,10,0,130,4,2,3,8,0,0,SP,0
9432,1978,Bachelor,Couple,66666600,1,0,06/02/13,23,9,14,18,8,1,12,4,3,3,6,0,0,SA,0
9449,1959,Doctorate,Single,7976100,0,1,10/04/13,32,415,5,124,15,35,11,1,5,11,3,0,0,SA,0
9451,1966,Bachelor,Couple,7353800,0,1,11/25/12,92,811,76,428,99,137,107,3,10,9,7,0,0,CA,0
9460,1964,Bachelor,Couple,2241900,0,0,4/18/13,74,30,3,47,19,21,42,1,3,2,8,0,0,SP,0
9463,1960,Bachelor,Couple,7170600,0,1,11/13/12,16,931,56,253,91,98,14,4,9,7,5,0,0,CA,0
9467,1985,Bachelor,Single,3473800,1,0,05/11/14,51,3,2,10,3,0,2,1,1,3,6,0,0,SP,0
9477,1955,Doctorate,Couple,6532400,0,1,01/11/14,0,384,0,102,21,32,5,3,6,9,4,0,0,IND,0
9478,1986,Bachelor,Single,6650300,1,0,8/14/12,30,91,64,128,65,3,50,2,4,6,3,0,0,SP,0
9481,1977,Bachelor,Couple,1714800,1,0,1/28/14,80,9,9,11,13,10,16,4,3,3,8,0,0,CA,0
9483,1960,Bachelor,Couple,5795700,0,1,8/19/13,24,290,59,177,77,5,29,7,4,8,3,0,1,CA,0
9485,1987,Doctorate,Couple,4592100,0,0,03/10/14,23,102,9,49,24,3,12,1,2,6,4,0,0,SA,0
9491,1985,Bachelor,Couple,2397600,1,0,12/27/13,68,14,1,21,2,3,25,3,3,3,7,0,0,SA,0
9493,1981,Doctorate,Single,7641200,0,0,05/05/13,15,840,53,804,23,71,17,1,5,8,3,1,0,CA,2
9495,1983,Bachelor,Couple,7185300,0,0,05/08/13,29,358,108,413,141,97,32,1,2,6,1,0,0,SP,0
9499,1955,Bachelor,Couple,9340400,1,2,05/07/13,97,1279,15,287,20,0,15,3,3,7,5,0,0,CA,2
9500,1960,Bachelor,Couple,5811300,0,1,1/25/13,66,221,104,169,102,78,84,3,9,8,7,0,1,SP,0
9503,1981,Bachelor,Single,2807100,0,0,8/29/12,65,39,33,130,41,26,44,2,5,5,8,0,0,SP,0
9504,1950,Master,Couple,8169800,0,0,11/06/13,4,179,28,520,111,123,47,1,3,13,1,1,0,SP,0
9507,1976,Bachelor,Couple,4079400,0,1,04/07/13,18,261,23,73,4,23,50,2,6,5,7,0,0,SP,0
9516,1972,Master,Single,4911800,0,0,8/18/12,90,620,54,239,99,98,119,2,9,10,7,1,0,SP,2
9523,1983,Bachelor,Couple,4047900,1,0,8/17/13,95,5,0,8,2,0,0,1,0,3,4,0,0,SP,0
9529,1991,Bachelor,Couple,7368700,0,0,11/28/13,8,559,153,503,218,13,181,1,3,9,2,1,0,SA,1
9530,1989,Bachelor,Couple,2464500,1,0,11/01/12,16,5,3,4,4,1,0,1,1,2,8,0,0,SA,0
9543,1986,Bachelor,Couple,1998600,1,0,11/14/13,74,3,6,5,0,2,6,1,0,3,7,0,0,SP,0
9553,1988,Bachelor,Couple,750000,0,0,01/09/13,94,0,2,3,4,1,5,1,0,3,6,0,0,IND,0
9559,1962,Doctorate,Couple,5707200,0,1,1/24/14,79,944,0,60,0,0,30,2,7,13,5,0,0,CA,1
9560,1966,Bachelor,Couple,8300300,0,0,03/03/13,18,856,61,570,40,25,122,1,7,8,3,1,0,SP,1
9576,1983,Doctorate,Couple,3231300,1,0,02/11/13,60,86,4,56,2,4,7,3,4,4,9,0,0,SP,0
9579,1960,Doctorate,Couple,3376200,2,1,07/07/13,61,53,1,34,2,0,16,3,2,2,8,0,0,CA,0
9589,1949,Doctorate,Single,8203200,0,0,04/05/14,54,332,194,377,149,125,57,0,4,7,1,0,0,IND,0
9592,1984,Bachelor,Couple,2201000,1,0,6/30/13,51,11,2,9,3,0,8,2,2,3,8,0,0,SP,0
9595,1962,Bachelor,Couple,6426000,0,0,01/11/13,1,539,169,816,20,0,30,1,4,4,3,1,0,SP,0
9596,1981,Doctorate,Single,6529500,0,0,12/23/13,19,365,32,117,34,110,6,1,3,13,2,0,0,US,0
9597,1970,Bachelor,Couple,7344800,0,0,02/10/14,10,236,106,189,23,41,130,1,7,9,4,0,0,CA,0
9606,1966,Doctorate,Couple,6996900,0,0,8/27/13,64,882,29,514,38,29,44,1,4,6,3,1,0,SP,2
9612,1988,Master,Single,2383000,0,0,02/07/14,3,1,8,6,4,8,16,1,1,3,7,0,0,SP,0
9617,1952,Bachelor,Single,1503300,0,0,4/16/14,37,0,4,5,6,0,4,1,1,3,3,0,0,SA,0
9624,1959,Doctorate,Couple,6548800,0,0,6/13/14,46,603,45,207,36,18,54,1,3,6,1,0,0,SP,0
9635,1984,Master,Couple,3587600,0,0,4/20/14,13,66,2,40,4,3,14,1,3,3,6,0,0,SP,0
9645,1969,Bachelor,Couple,6459000,0,0,10/14/12,98,920,138,168,36,46,30,1,9,10,6,0,0,SP,0
9648,1968,Bachelor,Single,4690400,1,1,11/03/12,20,153,4,56,0,9,31,4,5,4,8,0,0,SP,0
9653,1976,Bachelor,Couple,3579700,0,1,10/16/12,16,27,1,14,4,1,21,2,2,3,8,0,0,SA,0
9665,1958,Doctorate,Single,5423700,0,1,4/27/13,48,267,3,30,4,0,57,4,5,5,6,0,0,SA,0
9668,1972,Bachelor,Couple,1879300,1,0,01/12/13,14,4,16,20,0,17,20,3,2,4,8,0,0,SA,0
9671,1969,Bachelor,Couple,1951400,1,1,1/26/14,47,14,3,21,2,1,28,4,3,2,8,1,0,SP,1
9672,1971,Master,Couple,2316200,1,1,12/21/13,82,8,3,9,19,4,22,3,1,3,6,0,0,CA,0
9687,1976,Bachelor,Single,7317000,0,0,5/31/14,1,184,174,256,50,30,32,1,5,6,2,0,0,CA,0
9697,1952,Bachelor,Couple,5379000,0,2,03/06/14,86,335,42,127,28,5,5,3,7,8,6,0,0,SP,0
9699,1967,Bachelor,Single,6727200,0,1,12/21/13,12,357,35,271,28,28,14,3,6,12,5,0,0,SP,0
9701,1989,Bachelor,Couple,4188300,1,0,3/19/13,13,32,34,41,73,16,116,3,4,3,7,0,0,CA,0
9703,1971,Doctorate,Couple,3809700,1,1,10/15/12,70,77,2,35,0,1,69,4,3,2,7,1,0,SA,1
9706,1975,Doctorate,Single,3156000,1,0,6/24/13,98,62,1,20,4,0,7,2,2,3,8,0,0,CA,0
9707,1970,Doctorate,Couple,5521200,0,1,11/23/12,65,1103,0,45,0,0,34,3,4,11,8,0,0,SP,2
9710,1970,Doctorate,Single,5808600,0,1,1/20/13,80,708,7,62,0,0,15,2,11,7,8,0,0,SP,0
9723,1961,Bachelor,Couple,6771600,0,1,01/10/13,8,530,142,217,62,9,56,4,7,13,5,0,0,CA,1
9725,1967,Doctorate,Couple,2876400,1,1,06/05/14,16,8,0,3,0,0,1,1,1,2,8,0,0,SP,1
9727,1958,Bachelor,Couple,2353900,0,0,2/28/14,13,4,24,11,16,1,25,1,2,4,6,0,0,CA,0
9729,1956,Bachelor,Single,5827500,1,1,06/02/13,48,189,10,253,56,43,64,6,8,7,7,0,0,GER,0
9733,1979,High School / Below,Couple,2488200,1,0,09/09/12,52,1,4,10,29,0,36,1,1,2,6,0,0,IND,1
9736,1981,Bachelor,Couple,4185000,1,1,12/24/12,51,53,5,19,2,13,4,3,3,3,8,0,0,US,0
9738,1987,Master,Couple,4238600,1,0,1/13/13,43,65,4,16,0,4,11,1,3,3,8,0,0,SA,0
9739,1964,Bachelor,Single,3437700,0,1,1/19/13,55,62,0,22,3,1,26,2,2,2,7,0,0,SP,0
9743,1956,Bachelor,Couple,7699800,0,1,01/11/13,85,1449,89,161,69,35,107,2,11,8,6,0,0,CA,1
9750,1962,Doctorate,Single,6432500,0,1,02/07/13,41,731,60,353,78,12,73,5,10,5,7,0,0,SP,0
9757,1973,Bachelor,Couple,8490600,0,0,10/04/13,98,997,15,414,99,30,76,1,5,12,2,0,0,SP,3
9760,1964,Doctorate,Single,5227800,0,1,1/25/13,24,953,0,71,0,0,174,6,10,10,8,1,0,SA,0
9771,1989,Master,Single,2333100,1,0,10/05/12,97,104,20,101,24,15,5,6,5,5,9,0,0,IND,0
9780,1972,Master,Couple,7149900,0,1,6/25/13,12,465,25,132,136,0,37,2,8,13,4,0,0,SP,0
9790,1958,Bachelor,Single,7849900,0,0,11/23/13,12,912,72,170,47,36,97,1,11,4,4,1,0,CA,1
9797,1957,Bachelor,Couple,5811600,0,1,4/13/14,38,228,19,130,4,11,51,2,3,8,2,0,0,SP,0
9799,1969,Doctorate,Single,8366400,1,1,05/08/13,57,866,21,151,28,21,86,3,2,12,5,0,0,SP,0
9805,1954,Master,Couple,5612900,0,1,6/20/13,65,320,48,133,39,72,48,4,6,10,4,0,0,CA,0
9817,1971,Master,Single,4480200,0,0,8/21/12,71,853,10,143,13,10,20,2,9,12,8,0,0,IND,0
9826,1973,Doctorate,Single,8685700,0,0,09/12/12,96,899,102,838,133,102,40,1,5,10,2,1,0,US,0
9829,1979,Bachelor,Couple,2858700,1,0,02/12/14,42,22,4,17,12,10,13,3,2,4,6,0,0,SP,0
9847,1956,Master,Couple,6297200,0,1,08/03/12,39,313,15,47,20,0,192,2,7,3,6,0,0,SP,0
9850,1973,Master,Couple,2488400,1,0,11/29/12,32,3,6,7,0,0,3,1,0,3,7,0,0,SP,0
9855,1953,Doctorate,Single,6200000,0,1,8/25/13,25,899,0,101,0,0,20,1,6,13,4,0,0,SP,1
9860,1960,Bachelor,Couple,4491100,0,1,3/15/13,11,159,0,22,2,1,31,3,4,4,7,0,0,SP,0
9862,1970,Bachelor,Couple,2191800,1,0,11/14/13,37,1,6,7,11,5,3,2,2,3,6,0,0,CA,0
9888,1970,Bachelor,Couple,6869500,0,0,6/25/14,3,458,81,356,106,50,40,1,4,7,2,0,0,SP,0
9904,1957,Bachelor,Couple,7139100,0,1,3/29/13,50,336,123,274,46,123,141,5,6,12,3,0,0,CA,0
9905,1953,Bachelor,Couple,3407400,1,1,7/13/13,69,135,1,41,10,1,67,5,3,3,6,0,0,SP,1
9907,1970,Master,Couple,6647600,0,1,12/04/13,80,742,28,152,25,9,57,2,6,10,4,0,0,GER,0
9909,1997,Master,Couple,750000,0,0,11/09/12,24,3,18,14,15,22,50,3,3,3,9,1,0,AUS,0
9916,1955,Bachelor,Couple,3899800,1,1,11/03/12,92,34,1,14,0,0,5,3,2,3,8,0,1,SA,0
9923,1973,Master,Single,4642300,1,1,9/18/13,6,68,0,16,0,0,8,3,2,4,7,0,0,SP,0
9925,1982,Doctorate,Couple,3966500,1,0,5/25/13,97,127,1,56,0,1,31,3,4,3,7,0,0,SP,1
9930,1945,Doctorate,Single,8271600,0,0,11/05/13,8,606,148,228,15,148,22,1,6,13,2,0,0,CA,0
9931,1964,Doctorate,Couple,402300,1,1,6/23/14,29,5,0,1,1,1,1,15,0,0,19,0,0,SP,0
9937,1980,Bachelor,Single,7033700,0,0,01/02/14,75,187,81,149,25,43,91,1,2,12,1,0,0,US,0
9938,1955,Bachelor,Couple,8006700,0,0,9/19/13,82,519,17,813,27,173,51,1,4,6,2,0,0,IND,1
9940,1959,Bachelor,Couple,6496100,0,1,12/23/12,97,382,114,276,75,124,38,2,6,4,3,0,0,SA,0
9949,1977,Bachelor,Couple,5980900,0,2,10/18/12,36,598,16,141,32,41,49,3,3,6,8,0,0,CA,0
9952,1948,Master,Couple,7809300,0,0,12/11/13,53,368,32,639,13,43,10,1,4,5,1,0,0,SA,0
9955,1955,Bachelor,Couple,3989800,0,1,02/12/13,20,69,8,26,12,7,12,2,3,4,7,0,0,SP,0
9958,1973,Bachelor,Couple,6568500,0,1,3/29/14,54,642,14,49,0,7,57,1,9,9,5,0,0,AUS,0
9960,1992,High School / Below,Single,2686800,1,0,4/30/14,52,0,0,1,8,3,2,1,1,2,7,0,0,SA,0
9964,1980,Bachelor,Single,6182500,0,1,08/07/13,56,162,50,100,55,30,27,1,4,8,4,0,0,SP,0
9967,1975,Bachelor,Single,5303400,1,1,5/30/13,30,160,15,196,15,11,50,8,6,7,8,0,0,US,0
9970,1978,Bachelor,Couple,5537500,0,1,10/17/13,3,42,11,57,10,28,14,1,1,6,2,0,0,CA,0
9971,1965,Doctorate,Couple,6552600,0,1,04/11/14,22,397,19,69,12,0,9,1,4,8,2,0,0,SA,0
9972,1956,Doctorate,Couple,4601500,1,1,4/13/14,25,38,0,2,0,0,6,1,1,3,7,0,0,SA,2
9973,1964,Bachelor,Couple,5043700,0,2,10/17/12,28,370,9,92,6,9,4,3,7,8,7,0,0,SP,0
9974,1975,Bachelor,Couple,3063100,1,0,07/12/13,75,15,6,20,4,5,20,1,3,2,7,0,0,SA,0
9977,1974,Bachelor,Single,7890100,0,1,9/17/13,99,321,11,309,33,26,34,3,9,5,4,0,0,US,0
9984,1982,Master,Couple,5633700,1,1,3/27/13,25,349,16,144,28,5,182,5,8,4,8,1,0,SP,2
9986,1983,Bachelor,Couple,1944400,1,0,2/22/14,8,16,0,23,3,2,10,3,4,2,7,1,0,SA,0
9988,1977,Master,Single,7037900,0,1,03/03/13,84,553,25,142,65,67,8,3,6,13,4,0,0,CA,0
9999,1966,Bachelor,Couple,7527600,0,0,9/27/12,2,610,105,125,137,42,21,1,9,9,5,0,0,SP,0
10001,1986,Master,Couple,750000,1,0,08/01/12,98,5,17,17,13,14,34,4,2,3,9,0,0,SP,0
10010,1954,Doctorate,Single,3695700,1,1,09/06/12,43,100,2,16,2,1,31,4,3,2,9,1,0,AUS,0
10022,1974,Doctorate,Single,5446600,1,1,02/09/14,78,12,0,4,0,0,0,1,1,2,5,0,0,SP,0
10031,1977,Doctorate,Couple,1692700,1,1,02/10/13,50,20,2,23,3,1,4,5,3,4,8,0,0,SA,0
10032,1977,Bachelor,Single,1257100,1,0,1/18/14,86,3,5,14,2,12,17,4,3,3,6,0,0,SA,0
10033,1974,Master,Single,3116300,1,0,2/13/14,54,2,3,10,11,2,10,1,1,3,6,0,0,GER,0
10037,1994,Bachelor,Single,7429300,0,0,05/04/14,66,375,152,335,93,91,81,1,5,6,2,0,0,SA,0
10057,1952,Bachelor,Single,7228200,0,0,7/19/13,70,503,27,419,90,139,153,1,5,9,7,1,0,SP,0
10061,1951,Bachelor,Couple,5946200,0,1,01/05/13,29,724,17,143,0,8,196,2,9,12,7,0,0,US,0
10065,1971,Master,Couple,1531500,0,0,08/03/13,27,7,4,13,15,8,17,2,2,4,5,0,0,SP,0
10067,1977,Master,Couple,2517600,1,1,08/10/13,79,4,0,4,0,0,5,1,1,2,7,0,0,GER,0
10069,1989,High School / Below,Couple,1372400,1,0,8/31/12,43,2,7,5,2,15,27,1,2,2,9,0,0,SA,1
10084,1973,Bachelor,Couple,2443400,2,0,5/18/14,9,3,2,8,20,0,17,2,2,2,7,0,0,IND,0
10089,1975,Bachelor,Single,10269200,0,0,04/05/13,5,168,148,444,32,172,148,1,6,13,2,1,0,SA,4
10091,1957,Bachelor,Single,6023000,0,1,5/20/13,78,520,20,367,39,81,40,2,6,6,5,0,0,SP,0
10092,1955,Bachelor,Single,7004400,0,1,2/18/13,46,1073,0,250,153,14,14,4,7,5,5,0,0,SP,0
10095,1976,Doctorate,Single,7416500,0,0,05/01/13,9,1001,12,240,16,12,12,1,5,10,2,0,0,CA,0
10099,1985,Bachelor,Couple,5543400,1,0,10/05/13,21,238,115,215,169,69,76,3,5,13,4,0,0,SA,0
10102,1967,Bachelor,Single,7994600,0,0,05/12/14,19,395,183,565,166,141,28,1,5,5,3,0,0,SA,0
10104,1975,Bachelor,Couple,3359000,2,1,11/03/13,65,4,0,2,0,0,2,1,1,2,7,0,0,CA,0
10120,1956,Bachelor,Couple,3894600,0,1,10/24/13,84,116,6,82,6,6,41,2,3,6,5,0,0,US,0
10127,1966,Bachelor,Couple,5869200,0,1,04/06/14,21,301,11,61,4,7,11,1,8,4,7,0,0,CA,0
10128,1959,Bachelor,Couple,5397700,0,1,06/08/13,21,620,16,165,0,24,82,5,5,12,5,0,0,CA,0
10129,1967,Bachelor,Couple,8242700,0,0,03/12/14,35,482,147,509,104,107,107,1,3,12,1,0,0,SP,1
10133,1971,Bachelor,Single,9379000,0,0,02/12/14,16,1302,68,731,89,114,45,0,6,12,2,1,0,CA,3
10140,1984,Doctorate,Couple,7012300,0,0,9/28/13,27,1308,0,396,23,0,0,1,5,4,3,0,0,IND,2
10141,1961,Master,Single,3922800,0,0,05/10/13,1,7,1,6,0,3,3,1,0,3,4,0,0,SA,0
10142,1977,Doctorate,Single,6647600,0,1,03/07/13,99,372,18,126,47,48,78,2,5,11,4,0,0,US,0
10144,1977,Bachelor,Couple,5136900,0,1,10/25/12,84,297,7,79,0,11,182,2,8,4,8,0,0,SA,0
10146,1973,Doctorate,Couple,3888700,1,0,03/02/14,17,25,1,13,0,0,3,1,1,3,7,0,0,AUS,0
10150,1962,Bachelor,Single,8642900,0,0,11/21/13,10,464,28,873,29,18,37,0,7,7,2,1,0,SA,1
10151,1961,Bachelor,Single,6220400,0,2,09/12/12,38,317,46,247,151,46,139,1,4,12,3,0,0,SP,0
10156,1976,Bachelor,Single,8419600,0,1,06/03/13,56,215,63,507,231,31,190,1,8,7,3,0,0,SP,0
10157,1966,Bachelor,Single,5968600,0,1,1/25/14,78,89,15,89,34,42,5,1,4,6,4,0,0,CA,0
10159,1971,Bachelor,Single,5871000,0,1,3/31/13,77,440,81,368,0,122,174,6,11,9,6,0,0,AUS,0
10160,1957,Master,Couple,5094300,0,1,6/21/13,49,31,0,7,2,0,6,1,1,3,5,0,0,SP,0
10163,1985,Doctorate,Single,8273300,0,0,09/10/13,28,712,50,420,65,38,38,1,8,7,4,1,0,SP,0
10164,1959,Bachelor,Single,9447200,0,1,04/03/14,75,1017,33,417,108,100,16,1,5,5,5,0,0,SP,2
10172,1989,Bachelor,Single,6865500,0,0,08/10/12,95,456,19,832,75,118,38,1,4,11,3,0,0,SP,0
10175,1959,Doctorate,Single,3217300,0,1,08/01/13,0,18,0,2,0,0,2,1,1,3,4,0,0,SP,0
10176,1969,Bachelor,Single,5710700,0,1,8/24/12,44,159,0,120,0,0,137,7,4,8,8,1,0,SP,2
10177,1955,Bachelor,Single,7207100,0,1,2/14/13,4,531,69,300,150,138,150,3,5,8,2,0,0,SP,0
10196,1979,Bachelor,Couple,7142700,2,0,03/12/14,26,212,123,177,15,64,23,2,8,8,4,0,0,US,0
10203,1991,Bachelor,Single,2609500,1,0,6/30/13,77,11,7,9,3,1,11,1,1,3,7,0,0,SP,0
10207,1979,Bachelor,Couple,2277500,1,0,6/19/13,40,5,1,8,0,0,1,1,1,2,8,0,0,SA,0
10212,1987,Master,Couple,4238600,1,0,1/13/13,43,65,4,16,0,4,11,1,3,3,8,0,0,IND,0
10219,1973,Bachelor,Couple,3159000,1,0,6/18/13,40,6,2,15,6,6,3,1,1,3,8,0,0,CA,0
10232,1964,Doctorate,Single,4879900,0,1,11/05/13,9,174,18,81,28,6,24,3,3,7,3,0,0,SP,0
10236,1976,Master,Single,3116000,1,0,9/16/13,59,16,3,25,6,1,13,2,2,3,8,0,0,SA,0
10240,1950,Bachelor,Couple,6937200,0,0,2/19/13,10,997,26,269,34,13,42,1,10,6,4,1,0,CA,2
10241,1976,Master,Single,1144800,0,0,12/15/13,16,0,0,0,6,2,6,1,1,2,6,0,0,SP,0
10242,1967,Doctorate,Couple,4747200,1,1,9/16/13,39,56,0,11,0,0,8,2,2,4,5,0,0,SP,0
10245,1987,Master,Single,8091000,0,0,10/31/12,71,160,80,369,67,39,41,1,3,8,1,0,0,SP,0
10250,1948,High School / Below,Couple,2838900,0,0,11/20/12,49,1,5,3,7,4,8,1,1,2,7,0,0,SP,0
10258,1966,Master,Single,3579100,2,1,05/06/13,94,27,0,5,0,0,3,2,1,3,8,0,0,US,0
10260,1966,Master,Couple,4514300,0,1,8/26/13,74,202,5,74,11,5,14,3,6,5,7,0,0,SP,0
10262,1981,Bachelor,Couple,1507200,2,0,05/10/13,96,8,2,15,0,10,18,4,3,3,5,0,0,IND,0
10264,1980,Bachelor,Single,1528700,1,0,10/10/12,60,1,2,8,4,3,13,2,1,2,7,1,0,SA,1
10270,1982,Master,Couple,3552300,1,0,10/03/13,8,11,5,22,12,5,11,2,3,3,7,0,0,GER,0
10277,1962,Bachelor,Single,3008100,0,1,2/21/13,27,36,0,2,0,0,4,1,1,3,7,0,0,SP,0
10281,1971,Bachelor,Single,6471300,1,0,02/07/14,11,180,60,241,13,54,54,2,5,7,4,1,0,AUS,0
10286,1963,Bachelor,Couple,8371500,0,0,02/03/14,2,318,8,407,150,35,8,1,2,13,0,0,0,SA,0
10299,1970,Doctorate,Single,4824000,0,0,11/09/12,73,389,91,248,64,49,41,3,6,13,5,1,0,SP,0
10304,1960,Bachelor,Couple,1869000,0,0,12/28/12,77,6,1,7,23,4,19,1,1,2,8,0,0,SP,0
10307,1957,Bachelor,Couple,5038700,0,2,8/31/13,91,369,9,87,12,14,34,3,6,8,5,0,0,SP,0
10311,1970,Bachelor,Couple,442800,0,1,10/05/13,0,16,4,12,2,4,321,0,25,0,1,0,0,SP,0
10313,1976,Bachelor,Couple,4817800,1,1,10/28/12,69,159,4,45,6,2,38,6,5,4,8,0,0,SP,0
10314,1949,Doctorate,Couple,8383700,0,0,12/16/12,79,847,66,119,86,89,111,1,9,5,4,1,0,IND,2
10319,1972,Bachelor,Couple,6630300,0,1,2/26/13,56,1090,12,96,16,12,60,4,3,11,8,0,0,SP,1
10323,1953,Bachelor,Couple,4941300,0,1,10/25/13,88,205,7,41,3,2,46,2,4,5,5,0,0,SP,0
10340,1985,Bachelor,Couple,3519600,1,0,11/13/12,68,75,12,141,43,39,187,6,6,5,8,0,0,SP,0
10341,1949,Bachelor,Couple,5131500,0,0,2/23/14,45,68,28,39,16,30,41,1,2,5,2,0,0,AUS,0
10343,1992,Master,Single,6161800,0,0,9/29/12,27,605,91,399,0,45,205,2,3,8,3,0,0,IND,0
10350,1951,Doctorate,Couple,5443200,2,1,05/09/13,37,33,0,5,0,0,0,1,1,3,4,0,0,SP,0
10352,1964,Bachelor,Single,3421300,1,1,09/07/12,2,50,4,28,6,3,26,3,3,2,9,1,0,SA,0
10356,1958,Doctorate,Single,4143700,1,1,9/22/12,5,29,0,2,0,0,1,1,1,3,7,0,0,SP,0
10364,1960,Bachelor,Single,2329500,0,0,7/13/13,72,0,0,1,2,12,5,1,1,2,8,0,0,SP,0
10377,1959,Master,Couple,4669200,0,1,06/06/13,37,170,6,97,24,12,88,3,6,5,6,0,0,SP,0
10379,1963,Master,Single,5924700,0,2,11/08/13,87,327,9,122,19,14,83,5,5,9,6,0,0,SP,0
10380,1973,Master,Couple,3778700,1,0,9/20/13,50,40,1,40,4,3,18,1,3,3,8,0,0,IND,0
10381,1980,Bachelor,Single,4769100,0,1,07/05/13,43,14,0,3,0,0,4,1,1,2,6,0,0,SP,0
10383,1967,Bachelor,Single,7028700,0,0,04/02/13,30,295,35,482,121,120,40,1,5,10,3,1,0,AUS,0
10390,1960,Master,Couple,2688700,0,1,02/10/13,27,6,7,4,3,4,6,1,1,3,6,0,0,SP,0
10394,1985,Bachelor,Couple,9000000,0,0,12/23/13,91,675,144,133,94,192,241,1,4,5,1,0,0,CA,3
10395,1987,High School / Below,Single,894000,1,0,8/22/12,25,1,45,3,4,6,42,3,3,3,8,0,0,SP,0
10398,1982,Master,Single,2433600,1,0,8/27/12,82,1,6,2,8,2,12,1,1,2,7,0,0,SP,0
10401,1977,Master,Couple,2632600,0,0,09/04/13,12,1,0,5,0,3,9,1,0,3,3,0,1,GER,0
10402,1968,Bachelor,Couple,3544100,1,1,2/14/13,94,25,1,9,2,1,1,2,1,3,8,0,0,CA,0
10403,1979,Bachelor,Couple,1653100,1,0,6/18/14,43,2,13,6,7,5,11,3,3,3,7,0,0,CA,0
10413,1985,Bachelor,Couple,7257000,0,0,4/25/14,67,274,83,216,151,141,224,1,4,12,1,0,0,SP,0
10420,1956,Master,Single,4639000,0,1,05/05/14,56,95,14,64,2,9,38,1,4,3,7,0,0,US,0
10424,1969,Bachelor,Single,7592200,0,0,12/09/13,60,265,138,553,224,23,92,1,4,9,1,0,0,SA,0
10430,1974,Bachelor,Single,8969400,1,1,10/09/13,22,1126,28,211,37,28,42,3,4,4,5,0,0,AUS,3
10432,1975,Bachelor,Single,1934600,1,0,1/30/14,26,2,0,9,3,6,2,1,1,3,8,0,0,CA,0
10446,1958,Doctorate,Couple,8201700,0,0,11/07/12,58,184,23,446,30,23,23,1,5,7,2,1,0,CA,3
10448,1957,Bachelor,Single,4699800,0,1,10/22/12,55,172,41,86,45,6,27,5,5,5,7,0,0,SP,1
10451,1966,Bachelor,Couple,2967200,1,1,03/12/13,6,9,1,3,0,4,8,1,0,3,6,0,0,SA,0
10466,1966,Bachelor,Couple,4439300,1,1,8/22/13,86,24,2,20,2,2,10,2,1,4,4,0,0,SP,0
10469,1982,Bachelor,Couple,8832500,0,0,02/05/14,42,519,71,860,93,27,53,1,6,9,2,0,0,IND,0
10470,1980,Master,Couple,4066200,1,0,3/15/13,0,40,2,23,0,4,23,2,2,3,4,0,0,GER,0
10473,1957,Doctorate,Single,7802800,0,1,09/10/12,38,158,19,288,25,0,38,1,6,9,7,1,0,SP,2
10476,1959,Bachelor,Couple,6726700,0,1,5/13/14,0,134,11,59,15,2,30,1,3,5,2,0,0,US,0
10477,1974,Doctorate,Couple,3943500,1,0,08/06/13,16,71,0,18,0,0,13,1,3,2,7,0,0,SP,0
10478,1951,Doctorate,Couple,5551700,1,1,9/27/12,53,483,0,108,0,6,36,5,11,6,9,1,0,SA,0
10479,1976,Doctorate,Couple,7661800,0,0,12/07/12,64,749,40,294,121,160,147,1,3,5,1,0,0,AUS,0
10486,1949,Bachelor,Couple,7714200,0,0,5/29/13,54,476,75,162,29,151,97,1,4,8,2,0,0,SP,0
10489,1974,Bachelor,Couple,9295500,0,0,8/19/13,35,693,21,925,31,24,84,1,6,9,2,1,0,SA,2
10490,1970,Doctorate,Couple,5103900,1,1,12/10/12,11,100,64,79,65,0,109,2,6,4,7,0,0,AUS,0
10492,1960,Bachelor,Couple,3828500,2,1,6/24/14,96,2,0,5,2,0,1,1,0,3,2,0,0,IND,0
10500,1985,Bachelor,Couple,3176100,1,0,04/05/14,96,19,1,20,16,14,28,2,3,4,5,0,0,AUS,0
10505,1961,Master,Couple,7311300,0,0,12/26/13,86,741,19,154,50,9,28,1,3,7,2,0,0,SA,0
10507,1978,Master,Single,5960100,0,1,7/25/13,14,691,7,69,0,7,23,4,2,7,8,0,0,US,1
10509,1956,Master,Single,3692700,1,1,06/02/14,46,51,0,16,0,0,4,2,3,3,8,0,0,US,0
10513,1993,Bachelor,Couple,6320700,0,0,1/20/13,68,438,169,565,91,169,70,1,2,6,7,0,0,SP,1
10521,1978,Bachelor,Couple,5480900,1,1,09/11/13,0,63,6,57,13,13,22,4,2,5,4,1,0,SP,0
10524,1964,Master,Single,4947600,0,1,6/20/13,29,386,23,95,54,41,196,4,2,5,2,0,0,CA,0
10525,1987,Bachelor,Single,2657600,1,0,10/13/12,40,10,0,8,0,0,9,1,1,2,9,1,0,SP,1
10530,1960,Doctorate,Single,6778600,0,0,12/07/13,0,431,82,441,80,20,102,1,3,6,1,1,0,IND,0
10536,1972,Doctorate,Couple,3289200,1,0,5/25/14,78,26,0,15,2,1,2,2,3,3,8,0,0,SP,0
10542,1969,Doctorate,Couple,3677800,1,1,08/05/12,63,29,4,34,2,4,4,3,3,3,9,0,0,SP,0
10548,1996,Bachelor,Single,7116300,0,0,03/09/14,30,283,17,372,138,106,44,1,3,12,1,0,0,GER,0
10552,1980,Master,Couple,5421000,0,1,5/20/13,18,70,54,109,80,9,45,2,4,7,5,0,0,SP,0
10556,1960,Bachelor,Couple,5498400,0,1,5/24/14,51,173,13,131,32,3,6,4,6,6,7,0,0,SP,1
10560,1981,Doctorate,Single,3680200,1,0,6/16/14,23,16,1,2,0,0,1,1,1,3,5,0,0,SP,0
10562,1947,Master,Couple,6683500,0,0,9/28/13,21,620,26,195,34,17,141,1,6,13,2,0,0,IND,0
10573,1954,Bachelor,Single,6255100,0,0,11/18/13,27,125,16,98,134,21,27,1,6,4,3,0,0,IND,1
10581,1978,Bachelor,Couple,4112400,1,0,10/31/12,41,281,7,84,15,0,119,7,7,4,8,0,0,SP,0
10582,1980,Bachelor,Couple,7206300,0,1,07/03/13,3,180,32,348,76,32,90,2,5,12,2,0,0,GER,0
10584,1977,Bachelor,Couple,6566500,0,1,12/02/13,77,225,162,387,106,36,29,1,5,8,3,0,0,SP,0
10590,1957,Doctorate,Couple,7654200,0,0,3/30/13,91,794,73,573,0,29,14,1,4,10,2,0,0,SP,0
10591,1970,Bachelor,Single,4363800,0,1,08/06/12,37,63,10,83,7,19,19,2,4,4,7,0,0,SP,0
10595,1991,Bachelor,Couple,3009300,0,0,07/08/13,19,2,6,28,13,4,16,1,2,3,7,0,0,SP,0
10598,1968,Bachelor,Couple,2794300,1,1,4/15/13,89,12,1,16,4,1,3,3,2,3,8,0,0,SP,0
10602,1984,Bachelor,Couple,3992200,1,0,2/14/13,30,29,12,59,19,1,36,2,3,4,8,0,0,IND,0
10609,1963,Doctorate,Couple,4276900,0,1,10/12/13,15,71,0,13,3,1,0,2,1,4,4,0,0,CA,0
10613,1959,Doctorate,Couple,3733400,1,1,2/26/14,44,26,1,16,2,2,15,4,3,4,4,0,0,SP,0
10617,1990,Master,Single,1097900,0,0,5/22/14,34,8,4,10,2,2,4,2,3,3,5,0,0,SP,0
10619,1995,Bachelor,Single,9552900,0,0,12/03/12,29,770,29,890,250,27,24,1,7,7,3,1,0,SA,1
10623,1962,Master,Couple,4833000,0,1,11/15/13,2,28,0,4,0,0,0,1,1,3,5,0,0,SP,0
10634,1952,Master,Couple,5941200,0,0,4/19/14,56,90,67,165,30,43,11,1,4,8,3,0,0,SP,0
10637,1965,Bachelor,Couple,4080000,1,2,01/01/13,77,24,0,27,8,30,10,2,3,3,7,0,1,SP,0
10640,1975,Bachelor,Couple,4439200,1,1,09/05/13,71,87,5,71,7,12,29,5,4,4,7,0,0,SP,0
10641,1979,Bachelor,Single,750000,1,1,12/27/12,5,6,5,4,13,4,25,4,2,3,6,0,0,SP,0
10642,1990,Bachelor,Single,3027900,1,0,12/30/12,13,10,4,14,4,4,1,1,1,3,8,0,0,SP,0
10643,1988,Doctorate,Single,4200000,0,0,01/10/13,23,124,83,267,85,59,35,2,5,11,5,1,0,AUS,0
10648,1983,Master,Couple,6666400,0,0,9/25/12,78,398,96,447,220,96,32,1,5,6,3,0,0,SP,0
10652,1958,Master,Couple,6548700,0,0,01/10/14,48,240,67,500,199,0,163,3,3,6,2,0,0,CA,0
10659,1980,Master,Couple,750000,1,0,05/07/13,7,2,8,11,3,8,21,4,3,2,7,0,0,IND,0
10660,1958,Master,Couple,6672600,1,1,01/12/14,61,349,7,35,0,0,47,3,8,4,7,0,0,SP,1
10664,1950,Master,Single,5152900,0,1,09/07/13,14,400,4,35,6,0,22,2,9,5,8,0,0,SP,0
10669,1982,Bachelor,Couple,5438600,0,1,5/17/13,8,277,21,64,62,21,25,2,3,10,3,0,0,SP,0
10673,1977,Doctorate,Couple,6839700,0,1,11/17/13,6,760,80,466,17,13,80,1,6,5,3,0,0,SA,0
10675,1957,Doctorate,Couple,6633400,0,1,04/03/13,82,909,11,218,0,0,23,2,9,5,5,1,0,SP,0
10676,1983,Bachelor,Couple,6321100,0,0,11/02/12,3,145,193,459,205,26,145,2,3,7,2,1,0,SP,0
10678,1960,Bachelor,Couple,7123200,0,1,11/28/13,91,653,17,170,34,26,17,2,11,10,7,0,0,SP,0
10680,1987,Bachelor,Couple,3323500,1,0,02/05/14,71,45,0,16,2,1,6,1,3,3,7,0,0,SP,0
10681,1971,Master,Couple,6246600,0,1,1/15/14,13,129,129,259,168,121,83,5,6,12,4,0,0,SP,0
10686,1966,Doctorate,Couple,3423000,1,1,12/26/12,72,15,0,4,0,0,2,1,1,2,7,0,0,SP,0
10691,1961,Master,Couple,2852000,1,1,6/14/13,55,11,0,10,0,2,20,1,1,2,6,0,0,SP,0
10699,1986,Bachelor,Couple,4432200,1,0,6/16/14,30,46,0,40,3,0,3,2,3,3,8,0,0,SA,0
10701,1974,Bachelor,Couple,6530800,0,0,09/11/13,60,713,0,264,120,80,34,1,7,12,4,0,0,US,2
10702,1985,Bachelor,Single,5241300,1,0,11/03/12,67,185,8,133,56,56,12,2,7,7,7,0,0,SP,0
10703,1976,Master,Single,4609800,1,1,8/18/12,86,57,0,27,0,0,36,4,3,2,8,0,0,SP,0
10704,1970,Bachelor,Single,5480300,0,1,8/21/12,65,404,0,92,28,27,142,2,6,9,4,0,0,SP,0
10708,1979,Master,Single,3697500,1,0,12/28/13,50,10,6,11,0,4,2,1,1,3,7,0,0,SP,0
10710,1980,Bachelor,Couple,750000,0,1,8/29/12,61,5,2,3,3,0,5,1,1,2,8,0,0,SP,0
10711,1946,Bachelor,Couple,6975500,0,0,10/02/13,23,217,77,373,111,23,93,1,3,12,1,0,0,SA,0
10722,1974,Bachelor,Couple,5559300,0,1,8/21/13,63,293,8,124,11,4,106,2,6,3,6,0,0,IND,1
10727,1971,Doctorate,Couple,6908400,1,0,11/19/13,43,1181,107,199,39,30,30,2,7,13,8,0,0,SP,0
10735,1972,Bachelor,Single,2280400,1,0,7/31/13,75,14,1,7,2,1,1,1,2,2,9,0,0,SA,0
10736,1972,Bachelor,Single,7225800,0,1,09/12/13,28,522,0,522,227,120,134,2,6,5,2,0,0,CA,0
10738,1952,Master,Single,4938900,1,1,8/29/13,55,40,0,19,2,1,3,1,2,3,7,0,0,AUS,0
10741,1952,Master,Couple,4735200,0,1,04/11/13,70,172,12,112,8,0,15,4,6,5,7,0,0,SP,0
10742,1984,Doctorate,Couple,8658000,0,0,2/27/13,72,532,21,127,26,20,20,0,4,5,1,0,0,SP,1
10749,1992,Bachelor,Single,802800,0,0,9/18/12,62,73,18,66,7,12,2,15,0,0,19,0,0,SP,0
10755,1977,Master,Couple,2371800,1,0,09/02/13,76,6,3,14,15,7,36,3,3,2,7,0,0,AUS,0
10757,1968,Doctorate,Single,2842000,1,0,12/24/13,36,4,2,5,2,0,0,1,1,2,6,0,0,SP,0
10766,1965,Doctorate,Couple,6552600,0,1,04/11/14,22,397,19,69,12,0,9,1,4,8,2,0,0,SP,0
10767,1990,Doctorate,Couple,7784500,0,0,5/16/14,40,760,40,480,0,40,26,1,3,12,1,0,0,US,2
10770,1960,Bachelor,Couple,6549200,0,0,1/26/14,73,247,161,295,210,85,47,2,4,13,2,0,0,CA,0
10779,1984,Bachelor,Single,2214800,0,0,4/13/14,16,15,5,14,0,4,11,1,1,3,7,0,0,SP,0
10785,1970,Bachelor,Couple,4407800,1,1,6/19/14,17,24,1,10,2,0,4,2,2,3,5,0,0,SA,0
10789,1965,Doctorate,Couple,4575900,1,1,2/23/13,13,42,1,18,3,0,4,2,2,3,7,0,0,SP,0
10790,1986,Doctorate,Couple,1816900,1,0,2/19/13,40,9,0,5,0,0,7,1,1,2,8,0,0,SP,0
10795,1974,Doctorate,Couple,3740100,1,0,05/06/14,14,19,3,19,3,1,3,2,2,3,7,0,0,IND,0
10796,1985,Master,Couple,3047700,1,0,1/22/14,16,47,1,6,0,0,12,1,1,3,6,0,0,IND,0
10812,1979,Doctorate,Couple,4637700,1,0,03/01/14,89,37,0,46,4,3,0,1,2,3,4,0,0,SA,0
10814,1948,Bachelor,Couple,7032100,0,0,1/16/13,6,303,23,751,82,26,191,1,6,13,4,1,0,SP,0
10821,1979,Bachelor,Couple,5711300,1,1,02/06/13,45,182,4,33,0,2,42,6,4,5,7,0,0,SP,0
10826,1960,Bachelor,Couple,1869000,0,0,12/28/12,77,6,1,7,23,4,19,1,1,2,8,0,0,SP,0
10827,1968,Doctorate,Couple,3694700,1,1,08/07/12,49,88,3,21,4,1,29,4,3,4,9,0,0,AUS,0
10832,1959,Bachelor,Couple,4661000,0,0,7/18/13,4,288,10,30,4,10,125,1,6,6,6,0,0,SP,0
10833,1976,Bachelor,Couple,6510600,0,1,5/24/14,55,790,19,133,12,0,19,3,8,13,6,0,0,SP,1
10837,1976,Bachelor,Couple,2395700,1,0,10/28/12,47,2,1,18,20,11,16,1,2,3,6,1,0,CA,0
10839,1977,Bachelor,Couple,3628300,1,1,4/14/14,42,6,5,5,8,0,5,2,1,3,4,0,0,CA,0
10841,1976,Doctorate,Couple,5655900,0,1,12/25/12,46,226,22,133,41,31,31,3,4,8,4,0,0,SP,0
10846,1979,Master,Couple,4378300,1,0,5/29/14,22,327,9,125,25,4,139,6,7,8,7,0,0,CA,1
10854,1971,Doctorate,Couple,3885300,1,1,5/23/14,90,29,0,14,0,0,2,2,2,3,7,0,0,IND,0
10855,1969,Master,Single,5001400,1,0,1/22/14,9,234,14,77,19,10,42,2,4,8,5,0,0,SP,0
10856,1981,Master,Single,4588900,0,1,07/02/13,42,31,0,6,0,1,8,1,1,3,6,0,0,CA,0
10858,1976,Bachelor,Couple,7653200,1,1,09/09/13,38,355,30,177,90,138,30,4,9,7,5,0,0,SP,0
10862,1961,Master,Couple,3052200,0,1,8/17/12,6,179,8,83,19,11,26,5,1,9,2,0,0,SP,0
10868,1952,Bachelor,Single,7079200,0,0,02/06/13,82,344,45,654,104,11,114,2,3,10,3,0,0,SP,0
10870,1968,Bachelor,Couple,6122300,0,1,6/13/13,46,709,43,182,42,118,247,2,9,4,5,0,0,SA,0
10872,1970,Doctorate,Couple,5521200,0,1,11/23/12,65,1103,0,45,0,0,34,3,4,11,8,0,0,SP,2
10882,1977,Bachelor,Couple,5385800,0,1,11/09/12,50,407,53,221,58,150,26,4,4,6,4,0,0,SP,0
10888,1962,Bachelor,Single,4593800,0,0,11/03/13,46,273,11,178,62,83,29,2,8,6,6,0,0,US,0
10897,1975,Bachelor,Couple,6744500,0,1,08/12/12,63,757,80,217,29,80,11,5,9,12,6,0,0,AUS,0
10905,1956,Bachelor,Couple,4258600,1,1,10/29/12,7,194,2,56,0,0,0,5,4,6,8,1,0,SP,0
10906,1949,Doctorate,Couple,4668100,0,2,10/08/13,52,269,15,69,15,19,38,2,4,4,5,0,0,SA,0
10909,1949,Bachelor,Couple,9234400,0,0,1/15/14,9,992,24,694,51,19,119,0,5,5,1,0,0,AUS,2
10913,1985,Master,Single,3138500,1,0,12/05/12,56,3,2,12,0,1,9,1,1,2,8,1,0,SP,1
10914,1971,Bachelor,Single,2416300,1,1,10/12/13,3,4,1,7,2,1,2,2,1,3,4,0,0,SP,0
10925,1984,Bachelor,Couple,7663000,0,0,1/14/14,93,255,31,446,40,56,175,1,3,11,1,0,0,SA,0
10928,1959,Bachelor,Couple,6688600,0,1,9/16/13,28,315,4,62,41,31,146,2,7,7,5,0,0,SP,0
10936,1966,Bachelor,Couple,7219000,0,0,2/13/13,79,597,166,597,172,166,249,1,5,4,3,0,0,AUS,0
10949,1964,Doctorate,Single,7296800,0,0,12/16/13,8,1092,37,592,145,37,55,1,5,8,3,1,0,SP,1
10951,1969,Bachelor,Couple,4568800,0,1,1/25/14,20,279,0,18,0,0,9,2,3,8,4,0,0,SP,1
10955,1965,Bachelor,Single,8562000,0,0,01/07/14,68,416,46,925,60,107,46,1,3,4,1,1,0,SP,0
10965,1956,Bachelor,Couple,7600500,0,0,2/22/13,72,983,20,389,240,50,40,1,3,13,6,0,0,SP,1
10967,1964,Bachelor,Single,3337800,1,1,02/06/13,38,33,6,40,3,7,10,3,2,4,7,0,0,SA,0
10968,1970,Bachelor,Single,5773100,0,1,11/23/12,0,266,21,300,65,8,44,4,8,6,6,0,0,IND,0
10971,1978,Bachelor,Single,3777400,2,0,09/03/12,28,173,8,107,7,2,176,4,7,3,9,1,1,SP,1
10972,1950,Bachelor,Single,7229800,0,0,03/10/14,52,625,35,169,58,17,35,1,4,6,1,0,0,SP,2
10981,1989,Bachelor,Couple,8421900,0,0,02/02/14,27,434,137,400,45,137,45,1,3,10,1,0,0,SA,0
10983,1953,Bachelor,Couple,7527800,0,0,1/29/13,17,304,98,230,150,74,74,1,6,13,3,0,0,SA,0
10991,1961,Master,Couple,8905800,0,0,12/07/12,18,454,194,106,31,22,43,1,5,4,2,0,0,CA,0
10992,1968,Bachelor,Couple,7570200,1,1,8/29/12,77,650,28,353,45,42,30,5,4,11,8,0,0,SA,0
10995,1989,Master,Couple,1571600,1,0,11/12/12,8,16,5,30,8,7,26,3,3,4,8,0,1,SA,0
11003,1981,Master,Couple,2513000,1,0,10/02/13,10,2,5,7,0,18,18,2,2,3,7,0,0,CA,0
11004,1894,Master,Single,6018200,0,1,5/17/14,23,8,0,5,7,0,2,1,1,2,4,0,0,SA,0
11007,1969,Doctorate,Couple,2918700,1,0,05/09/13,43,26,0,6,0,0,2,1,1,3,8,0,0,SP,0
11010,1985,Doctorate,Single,1626900,1,0,8/30/13,75,19,3,18,3,1,0,3,3,3,8,0,0,SP,0
11013,1988,Bachelor,Couple,6760500,0,0,3/31/13,84,336,28,282,184,54,54,1,2,6,1,0,0,SP,0
11025,1962,Bachelor,Couple,3644300,1,1,02/03/13,9,65,0,46,4,3,20,4,3,3,8,0,0,SP,0
11030,1977,Master,Couple,3318100,1,0,01/03/14,90,9,0,3,0,0,4,1,1,2,6,0,0,SP,1
11031,1951,Doctorate,Couple,4869900,1,1,5/21/13,90,26,1,10,2,0,1,1,1,3,5,0,0,AUS,0
11039,1976,Bachelor,Couple,5194800,0,1,9/17/13,51,82,33,54,71,30,41,2,5,4,5,0,0,SP,0
11051,1957,Doctorate,Couple,7737600,1,1,05/10/14,72,492,19,110,16,12,12,4,6,10,4,0,0,CA,0
11056,1975,Bachelor,Couple,7209900,0,0,10/27/12,18,546,91,410,119,0,22,1,3,10,1,0,0,SP,0
11071,1985,Bachelor,Single,7960700,0,0,4/21/13,37,450,133,951,173,0,216,1,3,6,1,1,0,CA,0
11074,1978,Bachelor,Single,8507200,0,0,04/09/14,94,494,92,391,194,11,241,1,3,10,0,0,0,SA,0
11075,1979,Bachelor,Couple,5126700,1,1,10/29/13,37,183,2,64,7,2,12,4,3,5,4,0,0,CA,0
11084,1977,Master,Couple,6510400,0,1,11/14/13,4,738,0,232,13,20,50,2,3,7,7,1,0,CA,0
11086,1985,High School / Below,Single,2570700,1,0,1/18/14,18,1,6,2,3,6,3,1,1,3,7,0,0,SP,0
11088,1972,Doctorate,Couple,7864200,0,1,4/21/13,83,1396,0,322,46,35,17,1,4,4,6,0,0,SP,0
11091,1954,Bachelor,Couple,3458700,1,1,5/16/14,68,7,2,9,2,0,2,2,1,3,4,0,0,GER,0
11092,1962,Bachelor,Couple,2711600,1,1,03/02/14,78,12,1,21,2,2,3,2,2,3,7,0,0,SA,0
11096,1953,Master,Couple,5724700,0,1,08/08/13,50,99,4,32,37,54,6,2,2,7,2,0,0,SP,0
11100,1973,Bachelor,Single,5181300,1,1,04/11/13,37,51,2,7,0,1,2,2,2,3,7,0,0,CA,0
11101,1992,Bachelor,Couple,8989100,0,0,4/15/13,17,412,22,132,59,28,183,1,11,8,4,0,0,AUS,1
11110,1974,Bachelor,Single,350200,1,0,4/13/13,56,2,1,1,0,0,1,0,0,0,14,0,0,IND,0
11112,1967,Bachelor,Couple,7071300,0,1,12/03/12,23,736,114,279,82,76,190,6,5,8,3,0,0,SP,0
11114,1971,Bachelor,Couple,1965600,1,0,02/08/13,94,25,4,9,6,8,32,3,2,3,7,0,0,SP,0
11121,1982,Bachelor,Couple,1941900,1,0,11/10/12,76,2,14,28,16,3,7,4,4,3,9,0,0,IND,0
11133,1974,Doctorate,Other,4843200,0,1,10/18/12,3,322,3,50,4,3,42,5,7,6,8,1,0,IND,0
11148,1976,Bachelor,Couple,2228000,1,0,5/19/13,85,2,1,4,3,1,2,1,1,2,8,0,0,SP,0
11166,1962,Bachelor,Couple,4967800,0,1,02/02/13,81,229,5,56,3,2,20,2,6,4,7,0,0,SP,0
11171,1966,Master,Couple,5696200,2,1,10/11/13,60,292,3,77,10,3,26,7,6,5,7,0,0,AUS,0
11176,1971,Doctorate,Couple,6596800,0,1,05/12/14,12,376,9,83,19,4,4,2,5,7,3,0,0,CA,0
11178,1973,Master,Single,4239400,1,0,3/23/14,69,15,2,10,0,1,4,1,1,3,7,0,0,GER,0
11181,1950,Doctorate,Couple,15692400,0,0,8/29/13,85,2,1,2,1,1,1,0,0,0,0,0,0,CA,0
11187,1979,High School / Below,Single,2648700,1,0,5/20/13,23,2,8,10,12,14,23,3,2,3,5,0,0,CA,0
11188,1958,Bachelor,Couple,2609100,1,1,2/25/14,84,15,10,19,8,17,20,3,2,3,5,0,0,SP,0
11191,1987,Bachelor,Single,4141100,0,0,12/07/13,11,37,32,38,11,3,18,1,2,4,6,0,0,SP,0
